Episode,Episode Score,100-Ep Rolling Avg
0,-1.3500000000000003,
1,-0.3,
2,-0.15000000000000002,
3,-0.15000000000000002,
4,-0.1,
5,-0.7000000000000002,
6,-0.4,
7,-0.5,
8,-0.1,
9,-0.15000000000000002,
10,-0.30000000000000004,
11,-0.05,
12,0.0,
13,-0.15000000000000002,
14,-0.49999999999999994,
15,-0.45,
16,-0.39999999999999997,
17,-0.4,
18,-0.7999999999999999,
19,0.55,
20,-0.7500000000000009,
21,-0.2,
22,-0.8500000000000002,
23,-0.850000000000001,
24,0.65,
25,-0.15000000000000002,
26,-0.9000000000000001,
27,-1.2500000000000004,
28,-0.4500000000000004,
29,-0.35000000000000003,
30,-0.9000000000000004,
31,-0.9500000000000002,
32,-0.2,
33,-0.30000000000000004,
34,-0.2,
35,-0.39999999999999997,
36,-0.05,
37,-0.9500000000000002,
38,-0.55,
39,-0.4,
40,-0.1,
41,-0.44999999999999996,
42,0.65,
43,-0.35000000000000003,
44,0.25,
45,-0.8500000000000001,
46,-0.25,
47,-0.05,
48,-0.5,
49,-0.050000000000000266,
50,-0.15000000000000002,
51,-0.7,
52,-0.35,
53,-0.7000000000000002,
54,-0.9000000000000002,
55,-1.1,
56,-0.65,
57,-0.7499999999999999,
58,-0.6000000000000001,
59,-0.050000000000000044,
60,-0.2,
61,-0.25,
62,-0.15000000000000036,
63,-0.4500000000000006,
64,-0.05,
65,-2.3499999999999974,
66,0.0,
67,-0.15000000000000002,
68,-0.1,
69,-1.2000000000000002,
70,-0.35,
71,-1.9000000000000008,
72,-0.35,
73,-0.1,
74,-0.1,
75,-0.05,
76,0.0,
77,-0.9,
78,-1.4500000000000006,
79,-0.6000000000000001,
80,-0.5,
81,-0.050000000000000266,
82,-0.2,
83,0.65,
84,-0.25,
85,-0.25,
86,-0.4500000000000006,
87,-1.0500000000000003,
88,-0.5499999999999999,
89,-0.65,
90,-0.44999999999999996,
91,-0.35000000000000053,
92,0.35,
93,-0.3,
94,-0.1,
95,0.2499999999999999,
96,-0.5,
97,0.44999999999999996,
98,0.0,
99,0.0,-0.3870000000000001
100,0.75,-0.3660000000000001
101,-0.050000000000000044,-0.3635000000000001
102,-0.3,-0.36500000000000005
103,-0.1,-0.36450000000000005
104,-0.35,-0.3670000000000001
105,-0.05,-0.36050000000000004
106,-0.2,-0.3585000000000001
107,-1.900000000000001,-0.37250000000000005
108,0.04999999999999993,-0.3710000000000001
109,-0.8000000000000002,-0.37750000000000006
110,0.35,-0.3710000000000001
111,-0.05,-0.3710000000000001
112,-0.1,-0.3720000000000001
113,-0.2500000000000002,-0.3730000000000001
114,0.65,-0.36150000000000015
115,-0.35,-0.3605000000000001
116,-0.6,-0.36250000000000004
117,0.65,-0.3520000000000001
118,0.34999999999999987,-0.3405
119,0.2499999999999999,-0.3435000000000001
120,0.45000000000000007,-0.33150000000000013
121,0.65,-0.3230000000000001
122,0.65,-0.30800000000000005
123,0.35,-0.2960000000000001
124,-1.0000000000000002,-0.31250000000000006
125,-0.6500000000000001,-0.3175000000000001
126,0.34999999999999987,-0.30500000000000005
127,0.0,-0.2925000000000001
128,-1.2000000000000002,-0.30000000000000004
129,-0.1,-0.2975000000000001
130,-0.39999999999999997,-0.2925000000000001
131,-0.44999999999999996,-0.28750000000000003
132,0.75,-0.278
133,-0.9000000000000002,-0.28400000000000003
134,0.55,-0.2765000000000001
135,0.35,-0.2690000000000001
136,-0.15000000000000002,-0.2700000000000001
137,-0.2,-0.26250000000000007
138,-0.5499999999999999,-0.26250000000000007
139,0.65,-0.252
140,-0.3,-0.25400000000000006
141,-0.7500000000000002,-0.25700000000000006
142,-0.7000000000000001,-0.2705000000000001
143,0.75,-0.25950000000000006
144,0.45000000000000007,-0.25750000000000006
145,0.55,-0.24350000000000008
146,-0.7000000000000001,-0.24800000000000008
147,0.75,-0.24000000000000007
148,0.45000000000000007,-0.23050000000000004
149,0.55,-0.22450000000000006
150,-0.15000000000000002,-0.22450000000000006
151,0.04999999999999982,-0.21700000000000003
152,0.35,-0.21000000000000008
153,0.34999999999999987,-0.19950000000000007
154,0.75,-0.18300000000000005
155,0.65,-0.16550000000000004
156,0.0,-0.15900000000000006
157,-0.15000000000000002,-0.15300000000000005
158,0.65,-0.14050000000000007
159,0.2499999999999999,-0.13750000000000007
160,0.45000000000000007,-0.13100000000000006
161,-0.6,-0.13450000000000004
162,0.65,-0.12650000000000006
163,0.75,-0.11450000000000005
164,-0.15000000000000002,-0.11550000000000005
165,-0.1,-0.09300000000000008
166,0.65,-0.08650000000000008
167,0.55,-0.07950000000000007
168,-0.2,-0.08050000000000006
169,-0.35,-0.07200000000000006
170,0.1499999999999997,-0.06700000000000006
171,0.65,-0.04150000000000006
172,-0.1,-0.039000000000000055
173,-0.1,-0.039000000000000055
174,-0.25,-0.040500000000000064
175,0.65,-0.03350000000000006
176,0.45000000000000007,-0.029000000000000057
177,0.75,-0.012500000000000058
178,0.55,0.00749999999999995
179,-0.44999999999999996,0.008999999999999952
180,0.75,0.02149999999999995
181,0.55,0.027499999999999955
182,-0.15000000000000002,0.027999999999999955
183,-0.44999999999999996,0.016999999999999953
184,0.65,0.025999999999999954
185,0.34999999999999987,0.03199999999999995
186,0.55,0.041999999999999954
187,0.65,0.05899999999999997
188,0.55,0.06999999999999997
189,0.65,0.08299999999999995
190,0.65,0.09399999999999997
191,0.75,0.10499999999999997
192,-2.1000000000000005,0.08049999999999997
193,0.35,0.08699999999999995
194,-0.3,0.08499999999999996
195,0.6499999999999999,0.08899999999999997
196,0.65,0.10049999999999998
197,0.55,0.10149999999999997
198,0.55,0.10699999999999996
199,-0.3,0.10399999999999997
200,0.34999999999999987,0.09999999999999996
201,0.65,0.10699999999999996
202,0.75,0.11749999999999997
203,0.65,0.12499999999999996
204,0.65,0.13499999999999995
205,0.75,0.14299999999999996
206,0.75,0.15249999999999997
207,0.55,0.177
208,0.6499999999999999,0.18299999999999997
209,0.45000000000000007,0.19549999999999998
210,0.55,0.19749999999999995
211,0.55,0.2035
212,0.65,0.21099999999999994
213,0.1499999999999998,0.215
214,0.65,0.21499999999999997
215,0.75,0.22599999999999998
216,0.1499999999999998,0.23349999999999999
217,0.55,0.23249999999999996
218,0.65,0.23549999999999996
219,0.75,0.24049999999999996
220,0.75,0.24349999999999997
221,0.75,0.2445
222,-0.39999999999999997,0.23399999999999996
223,0.55,0.236
224,-0.2,0.244
225,0.65,0.25699999999999995
226,0.45000000000000007,0.258
227,0.75,0.2655
228,-0.2,0.27549999999999997
229,-0.3,0.2735
230,0.65,0.284
231,-0.2,0.2865
232,0.75,0.2865
233,-0.050000000000000266,0.295
234,-0.2,0.2875
235,0.35,0.2875
236,0.55,0.2945
237,0.75,0.304
238,0.75,0.317
239,-0.25,0.308
240,-0.7000000000000001,0.304
241,0.75,0.319
242,0.24999999999999978,0.3285
243,-0.05,0.32050000000000006
244,0.55,0.3215
245,0.75,0.32349999999999995
246,0.45000000000000007,0.335
247,0.75,0.335
248,0.75,0.33799999999999997
249,-0.05,0.332
250,0.75,0.341
251,0.65,0.34700000000000003
252,0.75,0.35100000000000003
253,0.55,0.353
254,-0.15000000000000002,0.344
255,0.65,0.344
256,-0.44999999999999996,0.3395
257,-0.7000000000000001,0.33399999999999996
258,0.65,0.33399999999999996
259,0.75,0.33899999999999997
260,0.65,0.34099999999999997
261,-0.3,0.344
262,0.65,0.344
263,-1.2,0.3245
264,-0.2,0.324
265,-0.25,0.3225
266,0.45000000000000007,0.32049999999999995
267,-1.850000000000001,0.2965
268,0.65,0.305
269,0.55,0.314
270,0.55,0.318
271,0.55,0.31699999999999995
272,0.55,0.3235
273,0.65,0.331
274,-0.25000000000000044,0.331
275,0.45000000000000007,0.32899999999999996
276,0.75,0.33199999999999996
277,-0.49999999999999994,0.3195
278,-0.25,0.3115
279,0.55,0.3215
280,0.65,0.32049999999999995
281,0.35,0.3185
282,0.65,0.3265
283,0.75,0.3385
284,-0.25,0.32949999999999996
285,-0.6500000000000006,0.3195
286,-0.1,0.31299999999999994
287,-0.35,0.303
288,-0.39999999999999997,0.2935
289,0.65,0.2935
290,0.35,0.2905
291,0.75,0.2905
292,0.65,0.31799999999999995
293,0.65,0.32099999999999995
294,0.45000000000000007,0.3285
295,0.55,0.3274999999999999
296,0.55,0.3265
297,0.75,0.3285
298,0.55,0.32849999999999996
299,0.75,0.33899999999999997
300,0.75,0.34299999999999997
301,0.65,0.34299999999999997
302,0.55,0.341
303,0.35,0.338
304,0.55,0.33699999999999997
305,0.75,0.33699999999999997
306,0.75,0.33699999999999997
307,-0.44999999999999996,0.32699999999999996
308,0.65,0.327
309,0.65,0.32899999999999996
310,0.35,0.327
311,0.65,0.32799999999999996
312,0.65,0.32799999999999996
313,-0.15000000000000002,0.325
314,-0.5499999999999999,0.313
315,0.55,0.311
316,0.75,0.317
317,0.75,0.319
318,0.75,0.32
319,0.55,0.31799999999999995
320,0.75,0.31799999999999995
321,0.65,0.317
322,-0.15000000000000002,0.3195
323,0.1499999999999998,0.3155
324,0.75,0.325
325,0.45000000000000007,0.32299999999999995
326,0.75,0.32599999999999996
327,0.65,0.325
328,0.75,0.3345
329,0.75,0.345
330,-0.25000000000000044,0.336
331,0.75,0.34550000000000003
332,0.2499999999999999,0.34049999999999997
333,0.25,0.3435
334,-1.0500000000000007,0.335
335,0.55,0.33699999999999997
336,0.55,0.33699999999999997
337,0.65,0.33599999999999997
338,0.65,0.3349999999999999
339,-0.05,0.33699999999999997
340,-0.3,0.34099999999999997
341,0.75,0.34099999999999997
342,0.75,0.3459999999999999
343,0.75,0.3539999999999999
344,0.75,0.3559999999999999
345,-0.3,0.3455
346,-0.1,0.3399999999999999
347,0.55,0.33799999999999997
348,0.55,0.33599999999999997
349,0.55,0.342
350,0.75,0.342
351,0.65,0.342
352,0.65,0.341
353,0.65,0.34199999999999997
354,-0.2,0.34149999999999997
355,-0.44999999999999996,0.33049999999999996
356,0.75,0.3425
357,-0.050000000000000266,0.3489999999999999
358,-0.35,0.33899999999999997
359,-0.15000000000000002,0.3299999999999999
360,0.65,0.33
361,-0.35,0.32949999999999996
362,0.75,0.33049999999999996
363,0.75,0.35
364,0.55,0.35749999999999993
365,0.75,0.36749999999999994
366,0.75,0.3705
367,-0.1,0.38799999999999996
368,0.75,0.3889999999999999
369,0.65,0.39
370,0.55,0.39
371,0.75,0.39199999999999996
372,0.44999999999999996,0.391
373,0.75,0.392
374,0.65,0.401
375,0.75,0.40399999999999997
376,0.75,0.40399999999999997
377,0.35,0.4125
378,-0.15000000000000002,0.4134999999999999
379,0.6499999999999999,0.41450000000000004
380,0.65,0.4145
381,-0.44999999999999996,0.4065
382,0.65,0.4064999999999999
383,0.75,0.4064999999999999
384,0.44999999999999996,0.4134999999999999
385,-0.35,0.4165
386,0.75,0.425
387,0.35,0.43199999999999994
388,0.75,0.4435
389,0.65,0.44349999999999995
390,0.75,0.4475
391,-0.35,0.4365
392,0.65,0.4365
393,0.75,0.4375
394,0.75,0.44050000000000006
395,0.55,0.44049999999999995
396,0.65,0.4415
397,0.75,0.4415
398,0.75,0.44349999999999995
399,0.75,0.44349999999999995
400,0.75,0.44349999999999995
401,0.55,0.4425
402,0.65,0.4435
403,0.65,0.4465
404,0.55,0.4465
405,-0.2,0.43700000000000006
406,0.75,0.43700000000000006
407,0.75,0.449
408,0.65,0.449
409,0.75,0.45
410,0.65,0.45299999999999996
411,0.75,0.45399999999999996
412,0.75,0.4549999999999999
413,0.75,0.46399999999999997
414,0.0,0.4695
415,0.65,0.47050000000000003
416,0.75,0.47050000000000003
417,0.55,0.4685
418,0.65,0.4675
419,0.75,0.4695
420,0.65,0.4684999999999999
421,0.75,0.4695
422,0.75,0.4784999999999999
423,0.65,0.48350000000000004
424,0.75,0.48350000000000004
425,-0.15000000000000002,0.4774999999999999
426,0.65,0.4765
427,0.55,0.4755
428,0.75,0.4755
429,0.75,0.4755
430,0.75,0.4855
431,0.65,0.48449999999999993
432,0.75,0.48949999999999994
433,0.75,0.49449999999999994
434,0.75,0.5125
435,-0.2,0.505
436,0.75,0.507
437,0.75,0.508
438,0.45000000000000007,0.506
439,0.75,0.514
440,0.75,0.5245
441,-1.7000000000000008,0.49999999999999994
442,0.55,0.498
443,0.75,0.498
444,0.65,0.49699999999999994
445,0.75,0.5075
446,0.35,0.512
447,0.75,0.514
448,0.75,0.516
449,0.75,0.518
450,0.75,0.518
451,-0.1,0.5105
452,0.65,0.5105
453,0.55,0.5095000000000001
454,-0.1,0.5105
455,0.65,0.5215
456,-0.15000000000000002,0.5125
457,-1.2500000000000004,0.5005
458,0.55,0.5095
459,0.0,0.5109999999999999
460,0.75,0.512
461,0.75,0.523
462,-0.3,0.5125
463,0.65,0.5115
464,0.65,0.5125
465,0.45000000000000007,0.5095000000000001
466,0.75,0.5095000000000001
467,0.55,0.5159999999999999
468,0.55,0.514
469,0.65,0.514
470,-0.4,0.5045000000000001
471,0.65,0.5035000000000001
472,0.75,0.5065
473,0.75,0.5065
474,0.75,0.5075
475,0.75,0.5075
476,0.55,0.5055
477,-0.15000000000000002,0.5005
478,-0.3,0.499
479,-5.399999999999989,0.4385000000000001
480,0.55,0.43750000000000006
481,-0.9000000000000002,0.4330000000000001
482,0.2499999999999999,0.42900000000000005
483,0.75,0.42900000000000005
484,0.0,0.4245000000000001
485,0.55,0.43350000000000016
486,0.75,0.43350000000000016
487,0.75,0.43750000000000017
488,0.75,0.43750000000000017
489,0.65,0.43750000000000017
490,0.75,0.43750000000000017
491,0.75,0.44850000000000007
492,0.75,0.4495000000000001
493,0.04999999999999971,0.44250000000000006
494,-0.44999999999999996,0.4305000000000001
495,-1.0000000000000002,0.41500000000000015
496,0.75,0.4160000000000001
497,0.75,0.4160000000000001
498,0.6499999999999999,0.41500000000000015
499,0.75,0.41500000000000015
500,0.75,0.41500000000000015
501,0.65,0.4160000000000001
502,0.65,0.4160000000000001
503,0.75,0.4170000000000001
504,-0.5500000000000005,0.4060000000000001
505,-0.05,0.4075000000000001
506,0.75,0.4075000000000001
507,0.55,0.40550000000000014
508,0.65,0.40550000000000014
509,0.75,0.40550000000000014
510,-0.25,0.39650000000000013
511,0.65,0.39550000000000013
512,0.65,0.3945000000000001
513,0.55,0.3925000000000001
514,0.65,0.39900000000000013
515,0.75,0.4000000000000001
516,0.44999999999999996,0.397
517,0.75,0.3990000000000001
518,0.75,0.4000000000000001
519,-0.050000000000000044,0.3920000000000001
520,0.75,0.3930000000000001
521,0.2499999999999999,0.3880000000000001
522,0.75,0.3880000000000001
523,0.6499999999999999,0.38800000000000007
524,0.75,0.38800000000000007
525,-0.35,0.38600000000000007
526,0.65,0.38600000000000007
527,-0.3500000000000003,0.3770000000000001
528,0.75,0.3770000000000001
529,-6.049999999999991,0.30900000000000016
530,0.55,0.30700000000000016
531,0.55,0.3060000000000002
532,0.6499999999999999,0.30500000000000016
533,0.75,0.30500000000000016
534,-0.3,0.29450000000000015
535,0.55,0.30200000000000016
536,-0.8000000000000002,0.28650000000000014
537,0.75,0.28650000000000014
538,0.65,0.2885000000000002
539,0.65,0.2875000000000002
540,0.75,0.2875000000000002
541,-0.35,0.3010000000000002
542,-0.3,0.2925000000000002
543,0.55,0.2905000000000002
544,-0.1,0.2830000000000002
545,0.75,0.2830000000000002
546,0.75,0.28700000000000014
547,-1.4499999999999993,0.2650000000000002
548,0.75,0.2650000000000002
549,0.65,0.2640000000000002
550,0.1499999999999997,0.2580000000000002
551,0.75,0.2665000000000002
552,0.65,0.2665000000000002
553,0.75,0.2685000000000002
554,0.55,0.2750000000000002
555,0.65,0.2750000000000002
556,-0.15000000000000002,0.2750000000000002
557,0.75,0.29500000000000015
558,0.65,0.29600000000000015
559,0.04999999999999971,0.29650000000000015
560,0.55,0.29450000000000015
561,0.45000000000000007,0.29150000000000015
562,-0.44999999999999996,0.2900000000000002
563,0.75,0.2910000000000002
564,0.45000000000000007,0.28900000000000015
565,0.55,0.2900000000000002
566,0.75,0.2900000000000002
567,0.55,0.2900000000000002
568,0.45000000000000007,0.2890000000000002
569,0.35,0.2860000000000002
570,0.75,0.2975000000000002
571,-1.7000000000000008,0.2740000000000002
572,0.75,0.2740000000000002
573,0.65,0.2730000000000002
574,0.75,0.2730000000000002
575,0.2500000000000001,0.2680000000000002
576,0.15000000000000002,0.2640000000000002
577,0.75,0.2730000000000002
578,0.75,0.2835000000000002
579,-0.05,0.3370000000000001
580,0.34999999999999987,0.335
581,0.35,0.3475000000000001
582,0.75,0.3525000000000001
583,0.65,0.35150000000000003
584,0.65,0.3580000000000001
585,0.55,0.35800000000000004
586,0.65,0.35700000000000004
587,0.75,0.35700000000000004
588,0.75,0.35700000000000004
589,0.1499999999999999,0.35200000000000004
590,0.45000000000000007,0.34900000000000003
591,-0.1,0.3405
592,0.55,0.3385000000000001
593,-0.05,0.3375000000000001
594,0.75,0.34950000000000003
595,0.55,0.36500000000000005
596,0.65,0.36400000000000005
597,0.75,0.36400000000000005
598,0.55,0.36300000000000004
599,0.35,0.35900000000000004
600,0.75,0.35900000000000004
601,0.75,0.3600000000000001
602,0.0,0.3535000000000001
603,0.6499999999999999,0.3525000000000001
604,0.75,0.36550000000000005
605,0.75,0.3735000000000001
606,0.65,0.37250000000000005
607,-0.7500000000000009,0.35950000000000004
608,0.75,0.36050000000000004
609,0.55,0.3585000000000001
610,0.75,0.3685000000000001
611,0.75,0.3695000000000001
612,0.55,0.3685000000000001
613,0.45000000000000007,0.36750000000000005
614,0.75,0.3685000000000001
615,0.45000000000000007,0.36550000000000005
616,0.2499999999999999,0.3635
617,0.65,0.3625
618,0.65,0.36150000000000004
619,0.35,0.36550000000000005
620,0.75,0.36550000000000005
621,0.75,0.37050000000000005
622,0.65,0.3695000000000001
623,0.65,0.3695000000000001
624,0.65,0.3685000000000001
625,0.35,0.37550000000000006
626,0.75,0.37650000000000006
627,0.75,0.38750000000000007
628,0.75,0.38750000000000007
629,0.75,0.45549999999999996
630,-0.1,0.449
631,0.75,0.45099999999999996
632,0.75,0.45199999999999996
633,0.65,0.45099999999999996
634,0.65,0.46049999999999996
635,0.75,0.4624999999999999
636,0.65,0.47700000000000004
637,0.44999999999999996,0.474
638,0.75,0.4749999999999999
639,0.45000000000000007,0.473
640,0.75,0.473
641,0.55,0.482
642,0.75,0.49249999999999994
643,0.75,0.49449999999999994
644,0.75,0.503
645,0.65,0.502
646,0.65,0.501
647,0.75,0.523
648,0.65,0.5219999999999999
649,0.75,0.523
650,-1.8000000000000007,0.5035
651,0.75,0.5035
652,0.75,0.5045
653,0.75,0.5045
654,0.75,0.5065
655,0.75,0.5075
656,-0.25,0.5065
657,0.75,0.5065
658,0.75,0.5075
659,0.75,0.5145
660,0.65,0.5155
661,0.65,0.5175
662,0.75,0.5295
663,0.75,0.5295
664,0.75,0.5325
665,0.65,0.5335
666,0.75,0.5335
667,0.75,0.5355
668,0.75,0.5385
669,0.65,0.5415
670,0.75,0.5415
671,0.75,0.566
672,0.75,0.566
673,0.65,0.566
674,0.55,0.564
675,0.75,0.569
676,0.75,0.575
677,0.65,0.574
678,0.75,0.574
679,0.75,0.582
680,0.65,0.585
681,0.75,0.589
682,0.75,0.589
683,0.75,0.59
684,0.75,0.591
685,0.75,0.593
686,0.55,0.5920000000000001
687,0.75,0.5920000000000001
688,0.75,0.5920000000000001
689,0.75,0.5980000000000001
690,0.75,0.601
691,0.75,0.6095
692,0.75,0.6114999999999999
693,0.75,0.6195
694,0.65,0.6185
695,0.34999999999999987,0.6164999999999999
696,0.75,0.6175
697,0.75,0.6175
698,0.75,0.6195
699,0.75,0.6235
700,0.75,0.6235
701,0.75,0.6235
702,0.65,0.63
703,0.75,0.631
704,0.65,0.63
705,0.75,0.63
706,0.75,0.6309999999999999
707,0.75,0.6460000000000001
708,-0.1,0.6375
709,-0.2,0.63
710,0.75,0.63
711,0.75,0.63
712,-0.3,0.6214999999999999
713,0.75,0.6244999999999999
714,0.75,0.6244999999999999
715,0.75,0.6275
716,0.65,0.6315
717,0.75,0.6325
718,0.65,0.6325
719,0.75,0.6365
720,0.55,0.6345
721,0.75,0.6345
722,0.55,0.6335
723,0.55,0.6325
724,0.75,0.6335000000000001
725,0.65,0.6365
726,0.75,0.6365
727,-2.3,0.606
728,0.45000000000000007,0.603
729,-3.1499999999999986,0.564
730,0.45000000000000007,0.5695
731,0.55,0.5675
732,-1.9000000000000008,0.541
733,0.35,0.538
734,-0.6,0.5255
735,0.55,0.5235
736,0.44999999999999996,0.5215
737,0.2499999999999999,0.5195000000000001
738,0.1499999999999998,0.5135000000000001
739,0.1499999999999997,0.5105
740,0.1499999999999998,0.5045
741,-0.050000000000000266,0.4985
742,0.75,0.4985
743,0.55,0.4965
744,0.75,0.4965
745,0.75,0.49749999999999994
746,0.55,0.4965
747,0.75,0.4965
748,0.75,0.4975
749,0.75,0.4975
750,-0.5500000000000007,0.5099999999999999
751,0.75,0.5099999999999999
752,0.55,0.508
753,0.65,0.507
754,0.75,0.507
755,0.0,0.49949999999999994
756,0.75,0.5095
757,0.75,0.5095
758,0.75,0.5095
759,0.75,0.5095
760,0.75,0.5105
761,0.75,0.5115
762,0.65,0.5105
763,0.75,0.5105
764,0.75,0.5105
765,-0.25,0.5015
766,0.75,0.5015
767,0.75,0.5015
768,0.55,0.49950000000000006
769,-0.2500000000000002,0.49050000000000005
770,0.65,0.48950000000000005
771,0.75,0.48950000000000005
772,0.75,0.48950000000000005
773,0.45000000000000007,0.48749999999999993
774,0.35,0.4855
775,0.6499999999999999,0.48449999999999993
776,0.75,0.48449999999999993
777,0.75,0.4855
778,0.75,0.4855
779,0.65,0.48450000000000004
780,0.75,0.48550000000000004
781,-1.0500000000000005,0.4675
782,-2.1499999999999972,0.4385
783,0.55,0.43650000000000005
784,0.75,0.43650000000000005
785,0.75,0.43650000000000005
786,0.75,0.4385
787,-0.1,0.43
788,0.75,0.43
789,-0.49999999999999994,0.4175
790,0.75,0.4175
791,0.75,0.4175
792,0.75,0.4175
793,0.75,0.4175
794,0.75,0.41850000000000004
795,0.75,0.4225
796,0.75,0.4225
797,0.75,0.4225
798,0.75,0.4225
799,0.75,0.4225
800,0.65,0.4215
801,0.75,0.4215
802,0.75,0.4225
803,0.75,0.4225
804,-0.15000000000000036,0.41450000000000004
805,0.75,0.41450000000000004
806,0.75,0.41450000000000004
807,-0.7500000000000009,0.3995
808,0.75,0.40800000000000003
809,0.75,0.4175
810,0.55,0.4155
811,0.75,0.4155
812,0.75,0.426
813,0.55,0.42400000000000004
814,0.75,0.42400000000000004
815,0.75,0.42400000000000004
816,0.75,0.425
817,0.75,0.425
818,0.75,0.426
819,0.75,0.426
820,0.65,0.42700000000000005
821,-0.2500000000000002,0.41700000000000004
822,0.75,0.419
823,-0.15000000000000002,0.412
824,0.55,0.41
825,0.75,0.41100000000000003
826,0.75,0.41100000000000003
827,0.65,0.44049999999999995
828,0.75,0.4435
829,0.75,0.4825
830,0.75,0.4855
831,-0.9500000000000011,0.4705
832,0.75,0.49699999999999994
833,0.65,0.5
834,0.75,0.5135000000000001
835,0.65,0.5145
836,0.24999999999999978,0.5125
837,0.75,0.5175
838,0.65,0.5225
839,0.65,0.5275
840,0.75,0.5335
841,0.75,0.5415
842,0.75,0.5415
843,-0.8500000000000002,0.5275
844,0.75,0.5275
845,-0.25,0.5175
846,0.75,0.5195
847,0.75,0.5195
848,0.75,0.5195
849,0.75,0.5195
850,0.75,0.5325
851,0.75,0.5325
852,0.75,0.5345
853,0.75,0.5355
854,0.75,0.5355
855,0.55,0.541
856,0.75,0.541
857,0.75,0.541
858,0.55,0.539
859,0.75,0.539
860,0.75,0.539
861,0.34999999999999987,0.535
862,0.75,0.536
863,0.1499999999999998,0.53
864,0.65,0.529
865,0.75,0.539
866,0.75,0.539
867,0.75,0.539
868,0.75,0.5409999999999999
869,0.75,0.5509999999999999
870,0.75,0.5519999999999999
871,0.65,0.5509999999999999
872,0.75,0.5509999999999999
873,0.75,0.5539999999999999
874,0.75,0.5579999999999999
875,0.75,0.5589999999999999
876,0.75,0.5589999999999999
877,0.75,0.5589999999999999
878,-0.15000000000000002,0.55
879,0.75,0.5509999999999999
880,0.55,0.5489999999999999
881,0.75,0.5670000000000001
882,0.75,0.596
883,0.55,0.596
884,0.44999999999999996,0.593
885,0.75,0.593
886,0.55,0.591
887,0.75,0.5994999999999999
888,0.75,0.5994999999999999
889,0.75,0.612
890,0.75,0.612
891,0.75,0.612
892,0.65,0.611
893,0.75,0.611
894,0.65,0.6099999999999999
895,0.75,0.6099999999999999
896,0.75,0.6099999999999999
897,0.34999999999999987,0.606
898,0.75,0.606
899,0.55,0.604
900,0.75,0.605
901,0.65,0.604
902,0.65,0.603
903,0.75,0.603
904,0.55,0.6099999999999999
905,0.65,0.609
906,0.75,0.609
907,0.75,0.624
908,0.75,0.624
909,0.65,0.623
910,-0.9500000000000011,0.608
911,0.65,0.607
912,0.75,0.607
913,0.75,0.6089999999999999
914,0.55,0.607
915,0.75,0.607
916,0.75,0.607
917,0.75,0.607
918,0.55,0.605
919,0.45000000000000007,0.602
920,0.65,0.602
921,0.2499999999999999,0.607
922,0.75,0.607
923,-0.050000000000000266,0.608
924,0.75,0.61
925,0.75,0.61
926,0.65,0.609
927,0.75,0.61
928,0.65,0.609
929,0.45000000000000007,0.606
930,0.75,0.606
931,0.75,0.623
932,0.75,0.623
933,0.55,0.622
934,0.75,0.622
935,0.75,0.623
936,0.65,0.627
937,0.55,0.625
938,0.65,0.625
939,0.75,0.626
940,0.75,0.626
941,0.75,0.626
942,0.75,0.626
943,0.55,0.64
944,0.75,0.64
945,0.75,0.65
946,0.75,0.65
947,0.75,0.65
948,0.75,0.65
949,0.75,0.65
950,0.75,0.65
951,0.65,0.649
952,0.75,0.649
953,0.65,0.648
954,0.75,0.648
955,0.75,0.65
956,0.65,0.649
957,0.75,0.649
958,0.75,0.6509999999999999
959,0.75,0.6509999999999999
960,0.75,0.6509999999999999
961,0.75,0.655
962,0.75,0.655
963,0.65,0.6599999999999998
964,0.75,0.6609999999999999
965,0.45000000000000007,0.6579999999999999
966,-0.1,0.6495000000000001
967,0.75,0.6495000000000001
968,0.55,0.6475
969,0.75,0.6475
970,0.75,0.6475
971,0.65,0.6475
972,0.75,0.6475
973,0.65,0.6465
974,0.75,0.6465
975,0.75,0.6465
976,0.75,0.6465
977,0.75,0.6465
978,0.75,0.6555
979,0.75,0.6555
980,0.75,0.6575
981,0.55,0.6555000000000001
982,0.75,0.6555000000000001
983,0.75,0.6575
984,0.75,0.6605000000000001
985,0.65,0.6595
986,0.65,0.6605
987,0.75,0.6605
988,0.75,0.6605
989,0.75,0.6605
990,0.75,0.6605
991,0.75,0.6605
992,0.75,0.6615000000000001
993,0.65,0.6605
994,0.75,0.6614999999999999
995,0.75,0.6614999999999999
996,0.75,0.6614999999999999
997,0.1499999999999997,0.6595
998,0.35,0.6555
999,0.75,0.6575
1000,0.75,0.6575
1001,0.65,0.6575
1002,0.65,0.6574999999999999
1003,0.75,0.6574999999999999
1004,0.75,0.6594999999999999
1005,0.75,0.6605
1006,0.75,0.6605
1007,0.75,0.6605
1008,0.75,0.6605
1009,0.75,0.6614999999999999
1010,0.45000000000000007,0.6755
1011,0.65,0.6755
1012,0.75,0.6755
1013,0.75,0.6755
1014,0.75,0.6775
1015,0.45000000000000007,0.6745
1016,0.75,0.6745
1017,0.75,0.6745
1018,0.55,0.6745
1019,0.75,0.6775
1020,0.55,0.6764999999999999
1021,0.75,0.6814999999999999
1022,0.75,0.6814999999999999
1023,0.75,0.6895
1024,0.75,0.6895
1025,0.75,0.6895
1026,0.75,0.6905
1027,0.75,0.6905
1028,0.75,0.6914999999999999
1029,0.75,0.6945
1030,0.65,0.6935000000000001
1031,0.75,0.6935000000000001
1032,0.75,0.6935000000000001
1033,0.75,0.6955
1034,0.75,0.6955
1035,0.75,0.6955
1036,0.65,0.6955
1037,0.75,0.6975
1038,0.65,0.6975
1039,0.75,0.6975
1040,0.65,0.6965
1041,0.75,0.6965
1042,0.35,0.6925
1043,0.35,0.6905
1044,0.45000000000000007,0.6875
1045,0.75,0.6875
1046,0.75,0.6875
1047,0.55,0.6855
1048,0.75,0.6855
1049,0.75,0.6855
1050,0.75,0.6855
1051,0.75,0.6864999999999999
1052,0.75,0.6864999999999999
1053,0.45000000000000007,0.6845
1054,0.75,0.6845
1055,0.75,0.6845
1056,0.75,0.6855
1057,0.75,0.6855
1058,0.75,0.6855
1059,0.75,0.6855
1060,0.75,0.6855
1061,-1.1500000000000004,0.6665000000000001
1062,0.2499999999999999,0.6614999999999999
1063,0.75,0.6624999999999999
1064,0.75,0.6624999999999999
1065,0.75,0.6655
1066,0.75,0.6739999999999999
1067,0.75,0.6739999999999999
1068,0.75,0.6759999999999999
1069,0.75,0.6759999999999999
1070,-0.5500000000000005,0.6629999999999999
1071,0.65,0.6629999999999999
1072,0.75,0.6629999999999999
1073,0.75,0.664
1074,0.75,0.664
1075,0.65,0.6629999999999999
1076,0.75,0.6629999999999999
1077,0.75,0.6629999999999999
1078,0.75,0.6629999999999999
1079,0.45000000000000007,0.66
1080,0.75,0.66
1081,0.75,0.6619999999999999
1082,0.75,0.6619999999999999
1083,0.75,0.6619999999999999
1084,0.75,0.6619999999999999
1085,0.65,0.662
1086,0.75,0.6629999999999999
1087,0.75,0.6629999999999999
1088,0.75,0.6629999999999999
1089,0.75,0.6629999999999999
1090,0.65,0.6619999999999999
1091,0.75,0.6619999999999999
1092,0.75,0.6619999999999999
1093,0.65,0.662
1094,0.75,0.662
1095,0.75,0.662
1096,0.75,0.662
1097,0.75,0.6679999999999999
1098,0.75,0.672
1099,0.65,0.671
1100,0.75,0.671
1101,0.65,0.6709999999999999
1102,0.75,0.6719999999999999
1103,0.75,0.6719999999999999
1104,0.75,0.6719999999999999
1105,0.75,0.6719999999999999
1106,0.65,0.6709999999999999
1107,0.75,0.6709999999999999
1108,0.75,0.6709999999999999
1109,0.75,0.6709999999999999
1110,0.75,0.674
1111,0.75,0.675
1112,0.75,0.675
1113,0.75,0.675
1114,0.75,0.675
1115,0.65,0.6769999999999999
1116,0.75,0.6769999999999999
1117,0.75,0.6769999999999999
1118,0.75,0.6789999999999999
1119,0.75,0.6789999999999999
1120,0.75,0.6809999999999999
1121,0.75,0.6809999999999999
1122,0.75,0.6809999999999999
1123,0.65,0.68
1124,0.75,0.68
1125,0.75,0.68
1126,0.75,0.68
1127,0.75,0.68
1128,0.75,0.68
1129,0.75,0.68
1130,0.65,0.68
1131,0.75,0.68
1132,0.75,0.68
1133,0.75,0.68
1134,0.75,0.68
1135,0.75,0.68
1136,0.75,0.681
1137,0.75,0.681
1138,0.75,0.682
1139,0.75,0.682
1140,0.75,0.6829999999999999
1141,0.75,0.6829999999999999
1142,0.75,0.687
1143,0.75,0.6910000000000001
1144,0.75,0.6940000000000001
1145,0.75,0.6940000000000001
1146,0.75,0.6940000000000001
1147,0.75,0.6960000000000001
1148,0.75,0.6960000000000001
1149,0.75,0.6960000000000001
1150,0.75,0.6960000000000001
1151,0.75,0.6960000000000001
1152,0.45000000000000007,0.693
1153,0.75,0.696
1154,0.75,0.696
1155,0.65,0.695
1156,0.75,0.695
1157,0.75,0.695
1158,0.75,0.695
1159,0.75,0.695
1160,0.75,0.695
1161,0.75,0.714
1162,0.75,0.7189999999999999
1163,0.55,0.7169999999999999
1164,0.75,0.7169999999999999
1165,0.75,0.7169999999999999
1166,-0.4500000000000006,0.7049999999999998
1167,0.75,0.7049999999999998
1168,0.75,0.7049999999999998
1169,0.75,0.7049999999999998
1170,0.75,0.718
1171,0.65,0.718
1172,0.75,0.718
1173,0.75,0.718
1174,0.75,0.718
1175,0.75,0.7189999999999999
1176,0.75,0.7189999999999999
1177,0.75,0.7189999999999999
1178,0.75,0.7189999999999999
1179,0.75,0.722
1180,0.24999999999999978,0.7170000000000001
1181,0.75,0.7170000000000001
1182,0.75,0.7170000000000001
1183,0.75,0.7170000000000001
1184,0.75,0.7170000000000001
1185,0.75,0.718
1186,0.75,0.718
1187,0.75,0.718
1188,0.75,0.718
1189,0.65,0.7170000000000001
1190,0.65,0.7169999999999999
1191,0.75,0.7169999999999999
1192,0.75,0.7169999999999999
1193,0.75,0.718
1194,0.75,0.718
1195,0.75,0.718
1196,0.75,0.718
1197,0.75,0.718
1198,0.75,0.718
1199,0.75,0.7189999999999999
1200,0.75,0.7189999999999999
1201,0.44999999999999996,0.7170000000000001
1202,0.75,0.7170000000000001
1203,0.75,0.7170000000000001
1204,0.75,0.7170000000000001
1205,0.75,0.7170000000000001
1206,0.65,0.7170000000000001
1207,0.75,0.7170000000000001
1208,0.75,0.7170000000000001
1209,-0.7500000000000009,0.7020000000000001
1210,0.75,0.7020000000000001
1211,0.75,0.7020000000000001
1212,0.75,0.7020000000000001
1213,0.75,0.7020000000000001
1214,0.75,0.7020000000000001
1215,0.75,0.703
1216,0.75,0.703
1217,0.75,0.703
1218,0.65,0.7019999999999998
1219,0.75,0.7019999999999998
1220,0.75,0.7019999999999998
1221,0.75,0.7019999999999998
1222,0.75,0.7019999999999998
1223,0.75,0.703
1224,0.75,0.703
1225,0.75,0.703
1226,0.75,0.703
1227,0.75,0.703
1228,0.75,0.703
1229,0.75,0.703
1230,0.75,0.704
1231,0.75,0.704
1232,0.75,0.704
1233,0.75,0.704
1234,0.75,0.704
1235,0.75,0.704
1236,0.75,0.704
1237,0.75,0.704
1238,-0.2,0.6944999999999999
1239,0.65,0.6934999999999999
1240,0.45000000000000007,0.6905
1241,0.35,0.6864999999999999
1242,0.55,0.6844999999999999
1243,0.75,0.6844999999999999
1244,0.55,0.6825
1245,0.75,0.6825
1246,0.75,0.6825
1247,0.75,0.6825
1248,0.75,0.6825
1249,0.45000000000000007,0.6794999999999999
1250,0.75,0.6794999999999999
1251,-0.1,0.6709999999999999
1252,0.75,0.6739999999999999
1253,0.75,0.6739999999999999
1254,0.75,0.6739999999999999
1255,0.75,0.675
1256,0.75,0.675
1257,0.75,0.675
1258,0.75,0.675
1259,-0.4500000000000004,0.6629999999999999
1260,-0.2,0.6535
1261,0.75,0.6535
1262,0.75,0.6535
1263,0.1499999999999997,0.6495000000000001
1264,0.44999999999999996,0.6465000000000001
1265,0.65,0.6455
1266,0.75,0.6575
1267,0.75,0.6575
1268,0.75,0.6575
1269,0.75,0.6575
1270,0.75,0.6575
1271,0.75,0.6585
1272,0.75,0.6585
1273,0.75,0.6585
1274,0.75,0.6585
1275,0.75,0.6585
1276,0.75,0.6585
1277,0.65,0.6574999999999999
1278,0.75,0.6574999999999999
1279,0.75,0.6574999999999999
1280,0.65,0.6614999999999999
1281,0.75,0.6614999999999999
1282,0.75,0.6614999999999999
1283,0.75,0.6614999999999999
1284,0.75,0.6614999999999999
1285,0.75,0.6614999999999999
1286,0.55,0.6594999999999999
1287,0.65,0.6585
1288,0.75,0.6585
1289,0.75,0.6595
1290,0.75,0.6605
1291,0.75,0.6605
1292,0.75,0.6605
1293,0.75,0.6605
1294,0.75,0.6605
1295,0.75,0.6605
1296,0.75,0.6605
1297,0.75,0.6605
1298,0.75,0.6605
1299,0.55,0.6585
1300,0.75,0.6585
1301,0.65,0.6605
1302,0.75,0.6605
1303,0.75,0.6605
1304,0.75,0.6605
1305,0.75,0.6605
1306,-0.15000000000000002,0.6525
1307,0.65,0.6515000000000001
1308,0.75,0.6515000000000001
1309,0.75,0.6665000000000001
1310,0.75,0.6665000000000001
1311,0.75,0.6665000000000001
1312,0.75,0.6665000000000001
1313,0.75,0.6665000000000001
1314,0.75,0.6665000000000001
1315,0.75,0.6665000000000001
1316,0.75,0.6665000000000001
1317,0.75,0.6665000000000001
1318,0.75,0.6675
1319,0.75,0.6675
1320,0.75,0.6675
1321,0.35,0.6635
1322,0.75,0.6635
1323,0.55,0.6614999999999999
1324,0.65,0.6605
1325,0.75,0.6605
1326,0.75,0.6605
1327,0.65,0.6594999999999999
1328,0.75,0.6594999999999999
1329,0.65,0.6585
1330,0.75,0.6585
1331,0.55,0.6564999999999999
1332,0.75,0.6564999999999999
1333,0.65,0.6555
1334,0.04999999999999982,0.6485
1335,0.75,0.6485
1336,0.75,0.6485
1337,0.65,0.6475
1338,0.75,0.657
1339,0.65,0.6569999999999999
1340,0.75,0.66
1341,0.75,0.6639999999999999
1342,0.75,0.6659999999999999
1343,0.75,0.6659999999999999
1344,0.65,0.667
1345,0.65,0.6659999999999999
1346,0.65,0.665
1347,0.75,0.665
1348,0.75,0.665
1349,0.75,0.6679999999999999
1350,0.65,0.667
1351,0.65,0.6744999999999999
1352,0.2499999999999999,0.6694999999999999
1353,0.55,0.6674999999999999
1354,0.75,0.6674999999999999
1355,0.75,0.6674999999999999
1356,0.75,0.6674999999999999
1357,0.45000000000000007,0.6644999999999999
1358,0.75,0.6644999999999999
1359,0.55,0.6744999999999999
1360,0.75,0.6839999999999999
1361,0.75,0.6839999999999999
1362,0.75,0.6839999999999999
1363,0.75,0.69
1364,0.75,0.693
1365,0.75,0.694
1366,0.75,0.694
1367,0.75,0.694
1368,0.75,0.694
1369,-2.549999999999999,0.6609999999999999
1370,0.75,0.6609999999999999
1371,0.75,0.6609999999999999
1372,0.75,0.6609999999999999
1373,0.75,0.6609999999999999
1374,0.75,0.6609999999999999
1375,0.75,0.6609999999999999
1376,0.75,0.6609999999999999
1377,0.55,0.66
1378,0.75,0.66
1379,0.75,0.66
1380,0.75,0.661
1381,0.65,0.66
1382,0.75,0.66
1383,-0.050000000000000266,0.652
1384,0.75,0.652
1385,0.75,0.652
1386,0.75,0.654
1387,0.75,0.655
1388,0.75,0.655
1389,0.75,0.655
1390,0.75,0.655
1391,0.75,0.655
1392,0.75,0.655
1393,0.65,0.654
1394,0.75,0.654
1395,0.1499999999999999,0.648
1396,0.75,0.648
1397,0.35,0.644
1398,0.75,0.644
1399,0.45000000000000007,0.643
1400,0.75,0.643
1401,0.75,0.644
1402,0.75,0.644
1403,0.75,0.644
1404,0.75,0.644
1405,0.75,0.644
1406,0.75,0.653
1407,0.75,0.654
1408,-1.35,0.633
1409,0.75,0.633
1410,0.65,0.632
1411,0.75,0.632
1412,-0.25000000000000044,0.622
1413,0.65,0.621
1414,0.75,0.621
1415,0.2499999999999999,0.616
1416,0.65,0.615
1417,0.75,0.615
1418,0.65,0.6140000000000001
1419,0.75,0.6140000000000001
1420,0.75,0.6140000000000001
1421,0.75,0.618
1422,0.75,0.618
1423,0.65,0.619
1424,0.75,0.62
1425,0.75,0.62
1426,0.75,0.62
1427,0.65,0.62
1428,0.75,0.62
1429,0.75,0.621
1430,0.65,0.62
1431,0.75,0.622
1432,0.65,0.621
1433,0.75,0.622
1434,0.75,0.629
1435,0.75,0.629
1436,0.75,0.629
1437,0.65,0.629
1438,0.75,0.629
1439,0.75,0.63
1440,0.65,0.629
1441,0.75,0.629
1442,0.75,0.629
1443,0.75,0.629
1444,0.75,0.63
1445,0.75,0.631
1446,0.75,0.632
1447,0.75,0.632
1448,0.75,0.632
1449,0.75,0.632
1450,0.75,0.633
1451,0.65,0.633
1452,0.75,0.638
1453,0.75,0.64
1454,0.75,0.64
1455,0.75,0.64
1456,0.75,0.64
1457,0.75,0.643
1458,0.75,0.643
1459,0.75,0.645
1460,0.75,0.645
1461,0.65,0.644
1462,0.75,0.644
1463,0.75,0.644
1464,0.75,0.644
1465,0.75,0.644
1466,0.75,0.644
1467,0.75,0.644
1468,0.75,0.644
1469,0.75,0.677
1470,0.75,0.677
1471,0.65,0.6759999999999999
1472,0.65,0.675
1473,0.65,0.6739999999999999
1474,0.75,0.6739999999999999
1475,0.75,0.6739999999999999
1476,0.75,0.6739999999999999
1477,0.75,0.6759999999999999
1478,0.75,0.6759999999999999
1479,0.65,0.675
1480,0.65,0.674
1481,0.2499999999999999,0.67
1482,0.75,0.67
1483,0.55,0.676
1484,0.75,0.676
1485,0.65,0.675
1486,0.65,0.674
1487,0.65,0.6730000000000002
1488,0.75,0.6730000000000002
1489,0.75,0.6730000000000002
1490,0.45000000000000007,0.67
1491,0.75,0.67
1492,0.75,0.67
1493,0.65,0.67
1494,0.75,0.67
1495,0.75,0.6759999999999999
1496,0.75,0.6759999999999999
1497,0.55,0.6779999999999999
1498,0.35,0.674
1499,0.75,0.677
1500,0.65,0.6759999999999999
1501,0.55,0.6739999999999999
1502,0.75,0.6739999999999999
1503,0.75,0.6739999999999999
1504,0.75,0.6739999999999999
1505,0.75,0.6739999999999999
1506,0.75,0.6739999999999999
1507,0.75,0.6739999999999999
1508,0.75,0.695
1509,0.55,0.6930000000000001
1510,0.65,0.693
1511,0.45000000000000007,0.69
1512,0.75,0.7
1513,0.75,0.701
1514,0.75,0.701
1515,-5.299999999999989,0.6455000000000001
1516,0.75,0.6465000000000002
1517,0.75,0.6465000000000002
1518,0.75,0.6475000000000002
1519,0.75,0.6475000000000002
1520,0.75,0.6475000000000002
1521,0.65,0.6465000000000001
1522,0.75,0.6465000000000001
1523,0.75,0.6475000000000002
1524,0.75,0.6475000000000002
1525,0.75,0.6475000000000002
1526,0.75,0.6475000000000002
1527,0.65,0.6475000000000002
1528,0.65,0.6465000000000001
1529,0.75,0.6465000000000001
1530,0.75,0.6475
1531,0.75,0.6475
1532,0.75,0.6485000000000001
1533,0.65,0.6475000000000002
1534,0.45000000000000007,0.6445000000000002
1535,0.75,0.6445000000000001
1536,0.75,0.6445000000000001
1537,0.75,0.6455000000000001
1538,0.65,0.6445000000000001
1539,0.75,0.6445000000000001
1540,0.65,0.6445000000000002
1541,0.75,0.6445000000000002
1542,0.75,0.6445000000000002
1543,0.75,0.6445000000000002
1544,0.44999999999999996,0.6415000000000001
1545,-1.0500000000000007,0.6235
1546,0.75,0.6235
1547,0.75,0.6235
1548,0.75,0.6235
1549,0.75,0.6235
1550,0.65,0.6225
1551,0.75,0.6235
1552,0.75,0.6235
1553,0.75,0.6235
1554,0.75,0.6235
1555,0.75,0.6235
1556,0.75,0.6235
1557,0.75,0.6235
1558,0.75,0.6235
1559,0.75,0.6235
1560,0.75,0.6235
1561,0.75,0.6245
1562,0.75,0.6245
1563,0.75,0.6245
1564,0.75,0.6245
1565,0.75,0.6245
1566,0.75,0.6245
1567,0.75,0.6245
1568,0.75,0.6245
1569,0.34999999999999987,0.6205000000000002
1570,0.75,0.6205000000000002
1571,0.75,0.6215
1572,0.55,0.6205000000000002
1573,0.65,0.6205000000000002
1574,0.75,0.6205000000000002
1575,0.75,0.6205000000000002
1576,0.75,0.6205000000000002
1577,0.65,0.6195
1578,0.75,0.6195
1579,-5.099999999999991,0.5620000000000002
1580,0.65,0.5620000000000003
1581,0.75,0.5670000000000003
1582,0.75,0.5670000000000003
1583,0.75,0.5690000000000002
1584,0.75,0.5690000000000002
1585,0.75,0.5700000000000002
1586,0.75,0.5710000000000002
1587,0.75,0.5720000000000003
1588,0.65,0.5710000000000002
1589,0.75,0.5710000000000002
1590,0.55,0.5720000000000002
1591,0.65,0.5710000000000002
1592,0.75,0.5710000000000002
1593,0.75,0.5720000000000003
1594,0.75,0.5720000000000003
1595,0.75,0.5720000000000003
1596,0.65,0.5710000000000002
1597,0.75,0.5730000000000002
1598,0.75,0.5770000000000003
1599,0.75,0.5770000000000003
1600,0.55,0.5760000000000002
1601,0.75,0.5780000000000002
1602,0.65,0.5770000000000002
1603,0.45000000000000007,0.5740000000000002
1604,0.75,0.5740000000000002
1605,0.75,0.5740000000000002
1606,0.75,0.5740000000000002
1607,0.75,0.5740000000000002
1608,0.75,0.5740000000000002
1609,0.75,0.5760000000000002
1610,0.75,0.5770000000000002
1611,0.75,0.5800000000000002
1612,0.75,0.5800000000000002
1613,0.55,0.5780000000000002
1614,0.65,0.5770000000000003
1615,0.75,0.6375000000000002
1616,0.75,0.6375000000000002
1617,0.75,0.6375000000000002
1618,0.75,0.6375000000000002
1619,0.75,0.6375000000000002
1620,0.55,0.6355000000000001
1621,0.75,0.6365000000000002
1622,0.55,0.6345000000000001
1623,0.75,0.6345000000000001
1624,0.65,0.6335000000000002
1625,0.75,0.6335000000000002
1626,0.75,0.6335000000000002
1627,0.55,0.6325000000000001
1628,0.04999999999999993,0.6265000000000001
1629,0.75,0.6265000000000001
1630,0.75,0.6265000000000001
1631,0.75,0.6265000000000001
1632,0.65,0.6255000000000002
1633,0.2499999999999999,0.6215000000000002
1634,0.75,0.6245
1635,0.75,0.6245
1636,0.75,0.6245
1637,0.55,0.6225
1638,0.65,0.6225
1639,0.55,0.6205000000000002
1640,0.75,0.6215000000000002
1641,0.75,0.6215000000000002
1642,0.75,0.6215000000000002
1643,0.75,0.6215000000000002
1644,0.75,0.6245
1645,0.75,0.6425000000000002
1646,0.75,0.6425000000000002
1647,0.75,0.6425000000000002
1648,0.75,0.6425000000000002
1649,0.44999999999999996,0.6395000000000001
1650,0.75,0.6405000000000001
1651,0.55,0.6385000000000002
1652,0.75,0.6385000000000002
1653,0.75,0.6385000000000002
1654,0.2499999999999999,0.6335000000000002
1655,0.35,0.6295000000000001
1656,0.75,0.6295000000000001
1657,0.45000000000000007,0.6265000000000002
1658,0.55,0.6245
1659,0.55,0.6225000000000002
1660,0.75,0.6225000000000002
1661,0.75,0.6225000000000002
1662,0.75,0.6225000000000002
1663,0.45000000000000007,0.6195
1664,0.75,0.6195
1665,0.45000000000000007,0.6165000000000002
1666,0.75,0.6165000000000002
1667,-0.4500000000000002,0.6045000000000001
1668,0.55,0.6025000000000001
1669,0.75,0.6065000000000002
1670,0.35,0.6025000000000001
1671,0.55,0.6005000000000001
1672,0.55,0.6005
1673,0.75,0.6015
1674,0.65,0.6005000000000001
1675,0.75,0.6005000000000001
1676,0.75,0.6005000000000001
1677,0.75,0.6015000000000001
1678,0.75,0.6015000000000001
1679,0.65,0.6589999999999999
1680,0.65,0.659
1681,0.75,0.659
1682,0.75,0.659
1683,0.65,0.6580000000000001
1684,0.75,0.6580000000000001
1685,0.44999999999999996,0.655
1686,0.75,0.655
1687,0.75,0.655
1688,0.75,0.6559999999999999
1689,0.55,0.654
1690,0.75,0.6560000000000001
1691,0.75,0.657
1692,0.34999999999999987,0.653
1693,0.75,0.653
1694,0.75,0.653
1695,0.55,0.6509999999999999
1696,0.35,0.6480000000000001
1697,0.75,0.6480000000000001
1698,0.75,0.6480000000000001
1699,0.2499999999999999,0.6430000000000001
1700,0.75,0.645
1701,0.65,0.644
1702,0.75,0.645
1703,0.75,0.648
1704,0.75,0.648
1705,0.75,0.648
1706,0.75,0.648
1707,0.1499999999999998,0.642
1708,0.75,0.642
1709,0.55,0.64
1710,0.75,0.64
1711,0.75,0.64
1712,0.65,0.639
1713,0.75,0.6410000000000001
1714,0.75,0.642
1715,0.75,0.642
1716,0.75,0.642
1717,0.75,0.642
1718,0.75,0.642
1719,0.75,0.642
1720,0.55,0.642
1721,0.75,0.642
1722,0.65,0.643
1723,0.75,0.643
1724,0.75,0.6439999999999999
1725,0.75,0.6439999999999999
1726,0.55,0.642
1727,0.75,0.644
1728,0.75,0.6510000000000001
1729,0.65,0.65
1730,0.75,0.65
1731,0.75,0.65
1732,0.75,0.6509999999999999
1733,0.75,0.6559999999999999
1734,0.75,0.6559999999999999
1735,0.75,0.6559999999999999
1736,0.55,0.6539999999999999
1737,0.75,0.6559999999999999
1738,0.75,0.6569999999999999
1739,-0.1,0.6505
1740,0.75,0.6505
1741,0.65,0.6495000000000001
1742,0.55,0.6475
1743,0.75,0.6475
1744,0.75,0.6475
1745,0.65,0.6465
1746,0.75,0.6465
1747,0.75,0.6465
1748,0.55,0.6445000000000001
1749,-0.05,0.6395
1750,0.65,0.6385000000000001
1751,0.75,0.6405
1752,0.75,0.6405
1753,0.75,0.6405
1754,0.75,0.6455
1755,0.75,0.6495000000000001
1756,0.75,0.6495000000000001
1757,0.75,0.6525
1758,0.75,0.6545000000000001
1759,0.75,0.6565000000000001
1760,0.75,0.6565000000000001
1761,0.75,0.6565000000000001
1762,0.75,0.6565000000000001
1763,0.75,0.6595
1764,0.75,0.6595
1765,0.65,0.6615000000000001
1766,0.75,0.6615000000000001
1767,0.75,0.6735000000000001
1768,-0.25,0.6655000000000001
1769,0.65,0.6645
1770,0.65,0.6675
1771,0.75,0.6695
1772,0.65,0.6705
1773,0.75,0.6705
1774,0.75,0.6714999999999999
1775,0.04999999999999971,0.6645
1776,0.75,0.6645
1777,0.65,0.6635
1778,0.75,0.6635
1779,0.75,0.6645
1780,0.75,0.6655
1781,0.65,0.6645
1782,0.75,0.6645
1783,0.75,0.6655
1784,0.75,0.6655
1785,0.75,0.6685000000000001
1786,0.75,0.6685000000000001
1787,0.75,0.6685000000000001
1788,0.75,0.6685000000000001
1789,0.75,0.6705
1790,0.75,0.6705
1791,0.65,0.6694999999999999
1792,0.75,0.6735
1793,0.75,0.6735
1794,0.75,0.6735
1795,0.75,0.6755
1796,0.75,0.6794999999999999
1797,0.75,0.6794999999999999
1798,0.75,0.6794999999999999
1799,0.75,0.6844999999999999
1800,0.45000000000000007,0.6814999999999999
1801,0.1499999999999999,0.6765000000000001
1802,0.75,0.6765000000000001
1803,0.65,0.6755
1804,0.75,0.6755
1805,0.75,0.6755
1806,0.45000000000000007,0.6725
1807,0.75,0.6785
1808,0.75,0.6785
1809,0.75,0.6805
1810,0.75,0.6805
1811,0.75,0.6805
1812,0.75,0.6814999999999999
1813,0.75,0.6814999999999999
1814,0.75,0.6814999999999999
1815,0.75,0.6814999999999999
1816,0.65,0.6805
1817,0.75,0.6805
1818,0.75,0.6805
1819,0.75,0.6805
1820,0.75,0.6825
1821,0.75,0.6825
1822,0.75,0.6835000000000001
1823,0.75,0.6835000000000001
1824,0.65,0.6825
1825,0.65,0.6815000000000001
1826,0.75,0.6835
1827,0.75,0.6835
1828,0.75,0.6835
1829,0.75,0.6845
1830,0.75,0.6845
1831,0.75,0.6845
1832,0.75,0.6845
1833,0.75,0.6845
1834,0.65,0.6835000000000001
1835,0.75,0.6835000000000001
1836,0.65,0.6845
1837,0.75,0.6845
1838,0.65,0.6835000000000001
1839,0.75,0.6920000000000001
1840,0.75,0.6920000000000001
1841,-0.1,0.6844999999999999
1842,0.65,0.6855
1843,0.75,0.6855
1844,0.75,0.6855
1845,0.75,0.6865000000000001
1846,0.75,0.6865000000000001
1847,0.75,0.6865000000000001
1848,0.75,0.6884999999999999
1849,0.75,0.6965
1850,0.65,0.6965
1851,0.55,0.6945
1852,0.75,0.6945
1853,-1.25,0.6745
1854,0.45000000000000007,0.6715000000000001
1855,0.75,0.6715000000000001
1856,0.75,0.6715000000000001
1857,0.75,0.6715000000000001
1858,0.75,0.6715000000000001
1859,0.75,0.6715000000000001
1860,0.35,0.6675
1861,0.75,0.6675
1862,0.1499999999999998,0.6615000000000001
1863,0.75,0.6615000000000001
1864,-0.8500000000000008,0.6455
1865,0.75,0.6465000000000001
1866,0.65,0.6455
1867,0.75,0.6455
1868,0.75,0.6555
1869,0.75,0.6564999999999999
1870,0.75,0.6575
1871,0.75,0.6575
1872,0.75,0.6585
1873,0.65,0.6575
1874,0.75,0.6575
1875,0.55,0.6625
1876,0.75,0.6625
1877,0.75,0.6635
1878,0.55,0.6614999999999999
1879,0.65,0.6605
1880,0.75,0.6605
1881,0.55,0.6595
1882,0.75,0.6595
1883,0.75,0.6595
1884,0.75,0.6595
1885,0.75,0.6595
1886,0.75,0.6595
1887,0.75,0.6595
1888,0.75,0.6595
1889,0.75,0.6595
1890,0.75,0.6595
1891,0.75,0.6605
1892,0.75,0.6605
1893,0.75,0.6605
1894,0.75,0.6605
1895,0.75,0.6605
1896,0.75,0.6605
1897,0.75,0.6605
1898,0.75,0.6605
1899,0.75,0.6605
1900,0.55,0.6614999999999999
1901,0.75,0.6675
1902,0.75,0.6675
1903,0.75,0.6685
1904,0.75,0.6685
1905,0.75,0.6685
1906,0.75,0.6714999999999999
1907,0.75,0.6714999999999999
1908,0.75,0.6714999999999999
1909,0.75,0.6714999999999999
1910,0.75,0.6714999999999999
1911,0.35,0.6675
1912,0.75,0.6675
1913,0.75,0.6675
1914,0.65,0.6664999999999999
1915,0.75,0.6664999999999999
1916,0.75,0.6675
1917,0.75,0.6675
1918,0.75,0.6675
1919,0.75,0.6675
1920,0.75,0.6675
1921,0.75,0.6675
1922,0.75,0.6675
1923,0.75,0.6675
1924,0.65,0.6675
1925,0.75,0.6685000000000001
1926,0.75,0.6685000000000001
1927,0.75,0.6685000000000001
1928,0.55,0.6665000000000001
1929,0.75,0.6665000000000001
1930,0.75,0.6665000000000001
1931,0.75,0.6665000000000001
1932,0.75,0.6665000000000001
1933,0.75,0.6665000000000001
1934,0.75,0.6675
1935,0.75,0.6675
1936,0.75,0.6685
1937,0.75,0.6685
1938,0.75,0.6695
1939,0.75,0.6695
1940,0.75,0.6695
1941,0.75,0.6779999999999999
1942,0.75,0.679
1943,0.75,0.679
1944,0.75,0.679
1945,0.65,0.6780000000000002
1946,-0.05,0.67
1947,0.75,0.67
1948,0.75,0.67
1949,0.75,0.67
1950,0.75,0.6709999999999999
1951,0.75,0.6729999999999999
1952,0.65,0.672
1953,0.75,0.6920000000000001
1954,0.35,0.691
1955,0.75,0.691
1956,0.75,0.691
1957,0.75,0.691
1958,0.65,0.69
1959,0.65,0.6890000000000001
1960,0.75,0.693
1961,0.75,0.693
1962,0.75,0.6990000000000001
1963,0.75,0.6990000000000001
1964,0.75,0.715
1965,0.65,0.714
1966,0.75,0.715
1967,0.75,0.715
1968,0.75,0.715
1969,0.75,0.715
1970,0.75,0.715
1971,0.75,0.715
1972,0.75,0.715
1973,0.75,0.716
1974,0.75,0.716
1975,0.75,0.718
1976,0.75,0.718
1977,0.75,0.718
1978,0.75,0.72
1979,0.75,0.721
1980,0.75,0.721
1981,0.65,0.722
1982,0.75,0.722
1983,0.2499999999999999,0.7170000000000001
1984,0.75,0.7170000000000001
1985,0.75,0.7170000000000001
1986,0.55,0.715
1987,0.75,0.715
1988,0.75,0.715
1989,0.75,0.715
1990,0.75,0.715
1991,0.75,0.715
1992,0.55,0.713
1993,0.75,0.713
1994,0.75,0.713
1995,0.75,0.713
1996,0.75,0.713
1997,0.75,0.713
1998,-3.649999999999997,0.669
1999,0.75,0.669
2000,0.75,0.671
2001,0.75,0.671
2002,0.75,0.671
2003,0.75,0.671
2004,0.75,0.671
2005,0.75,0.671
2006,0.75,0.671
2007,0.75,0.671
2008,0.75,0.671
2009,0.65,0.6700000000000002
2010,0.1499999999999998,0.664
2011,0.75,0.6679999999999999
2012,0.75,0.6679999999999999
2013,0.75,0.6679999999999999
2014,0.75,0.669
2015,0.75,0.669
2016,0.55,0.667
2017,0.75,0.667
2018,0.75,0.667
2019,0.75,0.667
2020,0.75,0.667
2021,0.75,0.667
2022,0.75,0.667
2023,0.65,0.666
2024,0.75,0.667
2025,0.75,0.667
2026,0.75,0.667
2027,0.75,0.667
2028,0.75,0.669
2029,0.75,0.669
2030,0.75,0.669
2031,0.75,0.669
2032,0.75,0.669
2033,0.45000000000000007,0.666
2034,0.75,0.666
2035,0.75,0.666
2036,0.65,0.665
2037,0.75,0.665
2038,0.75,0.665
2039,0.75,0.665
2040,0.75,0.665
2041,0.75,0.665
2042,0.75,0.665
2043,0.75,0.665
2044,0.75,0.665
2045,0.75,0.6659999999999999
2046,0.75,0.674
2047,0.75,0.674
2048,0.75,0.674
2049,0.75,0.674
2050,0.75,0.674
2051,0.75,0.674
2052,0.75,0.675
2053,0.65,0.674
2054,0.75,0.6780000000000002
2055,0.75,0.6780000000000002
2056,0.75,0.6780000000000002
2057,0.75,0.6780000000000002
2058,0.75,0.679
2059,0.75,0.68
2060,0.75,0.68
2061,0.75,0.68
2062,0.45000000000000007,0.677
2063,0.75,0.677
2064,0.75,0.677
2065,0.75,0.6780000000000002
2066,0.75,0.6780000000000002
2067,0.65,0.677
2068,0.75,0.677
2069,0.75,0.677
2070,0.75,0.677
2071,0.75,0.677
2072,0.65,0.676
2073,0.75,0.676
2074,0.65,0.6750000000000002
2075,0.75,0.6750000000000002
2076,0.65,0.674
2077,0.65,0.6730000000000002
2078,0.75,0.6730000000000002
2079,0.75,0.6730000000000002
2080,0.45000000000000007,0.6700000000000002
2081,0.75,0.671
2082,0.75,0.671
2083,0.75,0.676
2084,0.65,0.675
2085,-0.35000000000000075,0.664
2086,0.75,0.666
2087,0.75,0.666
2088,0.75,0.666
2089,0.04999999999999971,0.659
2090,0.2499999999999999,0.654
2091,0.75,0.654
2092,0.75,0.6560000000000001
2093,0.75,0.6560000000000001
2094,0.75,0.6560000000000001
2095,0.75,0.6560000000000001
2096,0.75,0.6560000000000001
2097,0.75,0.6560000000000001
2098,0.75,0.7
2099,0.45000000000000007,0.6970000000000001
2100,0.75,0.6970000000000001
2101,-0.2,0.6875
2102,0.75,0.6875
2103,0.2499999999999999,0.6825
2104,0.75,0.6825
2105,0.65,0.6814999999999999
2106,0.55,0.6795
2107,0.75,0.6795
2108,0.75,0.6795
2109,0.75,0.6805
2110,0.75,0.6865000000000001
2111,0.65,0.6855
2112,0.75,0.6855
2113,0.45000000000000007,0.6825
2114,0.75,0.6825
2115,0.75,0.6825
2116,0.75,0.6845
2117,0.75,0.6845
2118,0.75,0.6845
2119,0.75,0.6845
2120,0.75,0.6845
2121,0.75,0.6845
2122,0.75,0.6845
2123,0.75,0.6855
2124,0.75,0.6855
2125,0.75,0.6855
2126,0.75,0.6855
2127,0.75,0.6855
2128,0.75,0.6855
2129,0.55,0.6835
2130,0.75,0.6835
2131,0.75,0.6835
2132,0.75,0.6835
2133,0.75,0.6864999999999999
2134,0.75,0.6864999999999999
2135,0.75,0.6864999999999999
2136,0.75,0.6875
2137,0.75,0.6875
2138,0.75,0.6875
2139,0.75,0.6875
2140,0.75,0.6875
2141,0.75,0.6875
2142,0.75,0.6875
2143,0.75,0.6875
2144,0.75,0.6875
2145,0.75,0.6875
2146,0.75,0.6875
2147,0.65,0.6865000000000001
2148,0.75,0.6865000000000001
2149,0.75,0.6865000000000001
2150,0.65,0.6855
2151,0.75,0.6855
2152,0.35,0.6815000000000001
2153,0.75,0.6825
2154,0.44999999999999996,0.6795
2155,0.2499999999999999,0.6745
2156,0.75,0.6745
2157,0.75,0.6745
2158,0.75,0.6745
2159,0.75,0.6745
2160,0.75,0.6745
2161,0.75,0.6745
2162,0.55,0.6755
2163,0.75,0.6755
2164,0.75,0.6755
2165,0.75,0.6755
2166,0.75,0.6755
2167,0.75,0.6765000000000001
2168,0.75,0.6765000000000001
2169,0.75,0.6765000000000001
2170,0.65,0.6755
2171,0.45000000000000007,0.6725
2172,0.75,0.6735
2173,0.75,0.6735
2174,0.75,0.6744999999999999
2175,0.75,0.6744999999999999
2176,0.75,0.6755
2177,0.75,0.6764999999999999
2178,0.75,0.6764999999999999
2179,0.75,0.6764999999999999
2180,0.75,0.6794999999999999
2181,0.75,0.6794999999999999
2182,0.75,0.6794999999999999
2183,0.75,0.6794999999999999
2184,0.75,0.6805
2185,0.75,0.6914999999999999
2186,0.75,0.6914999999999999
2187,0.75,0.6914999999999999
2188,0.75,0.6914999999999999
2189,0.75,0.6984999999999999
2190,0.75,0.7034999999999999
2191,0.75,0.7034999999999999
2192,0.75,0.7034999999999999
2193,0.75,0.7034999999999999
2194,0.75,0.7034999999999999
2195,0.75,0.7034999999999999
2196,0.75,0.7034999999999999
2197,0.75,0.7034999999999999
2198,0.75,0.7034999999999999
2199,0.75,0.7064999999999999
2200,0.75,0.7064999999999999
2201,0.75,0.716
2202,0.75,0.716
2203,0.75,0.721
2204,0.75,0.721
2205,0.65,0.7210000000000001
2206,0.75,0.723
2207,0.75,0.723
2208,0.75,0.723
2209,0.75,0.723
2210,0.0499999999999996,0.716
2211,0.75,0.7170000000000001
2212,0.75,0.7170000000000001
2213,0.75,0.72
2214,0.65,0.7190000000000001
2215,0.75,0.7190000000000001
2216,0.75,0.7190000000000001
2217,0.75,0.7190000000000001
2218,0.75,0.7190000000000001
2219,0.45000000000000007,0.716
2220,0.75,0.716
2221,0.34999999999999987,0.7120000000000001
2222,0.75,0.7120000000000001
2223,0.75,0.7120000000000001
2224,0.75,0.7120000000000001
2225,0.75,0.7120000000000001
2226,0.55,0.71
2227,0.65,0.7090000000000001
2228,0.75,0.7090000000000001
2229,0.75,0.7110000000000001
2230,0.75,0.7110000000000001
2231,0.75,0.7110000000000001
2232,0.65,0.71
2233,0.75,0.71
2234,0.75,0.71
2235,0.65,0.7090000000000001
2236,0.55,0.7070000000000001
2237,0.75,0.7070000000000001
2238,0.65,0.7060000000000001
2239,0.75,0.7060000000000001
2240,0.75,0.7060000000000001
2241,0.75,0.7060000000000001
2242,0.75,0.7060000000000001
2243,0.34999999999999987,0.7020000000000001
2244,0.55,0.7
2245,0.55,0.698
2246,0.75,0.698
2247,0.1499999999999998,0.693
2248,0.45000000000000007,0.69
2249,0.75,0.69
2250,0.75,0.6910000000000001
2251,0.75,0.6910000000000001
2252,0.75,0.695
2253,0.75,0.695
2254,0.75,0.698
2255,0.65,0.7019999999999998
2256,0.75,0.7019999999999998
2257,0.55,0.7
2258,0.65,0.699
2259,0.75,0.699
2260,0.75,0.699
2261,0.65,0.698
2262,0.75,0.7
2263,0.75,0.7
2264,0.75,0.7
2265,0.65,0.699
2266,0.65,0.698
2267,0.65,0.6970000000000001
2268,0.55,0.695
2269,0.65,0.694
2270,0.75,0.695
2271,0.35,0.6940000000000001
2272,0.35,0.69
2273,0.75,0.69
2274,0.75,0.69
2275,0.75,0.69
2276,0.35,0.686
2277,0.75,0.686
2278,0.75,0.686
2279,0.75,0.686
2280,0.75,0.686
2281,0.55,0.684
2282,0.75,0.684
2283,0.75,0.684
2284,0.75,0.684
2285,0.75,0.684
2286,0.75,0.684
2287,0.75,0.684
2288,0.75,0.684
2289,0.75,0.684
2290,0.75,0.684
2291,-0.4500000000000004,0.672
2292,0.75,0.672
2293,0.75,0.672
2294,0.65,0.671
2295,0.75,0.671
2296,0.55,0.669
2297,0.75,0.669
2298,0.35,0.665
2299,0.75,0.665
2300,0.55,0.6629999999999999
2301,0.75,0.6629999999999999
2302,0.75,0.6629999999999999
2303,0.75,0.6629999999999999
2304,0.75,0.6629999999999999
2305,-0.15000000000000013,0.655
2306,0.75,0.655
2307,0.75,0.655
2308,0.75,0.655
2309,0.55,0.653
2310,0.75,0.66
2311,0.75,0.66
2312,0.75,0.66
2313,0.75,0.66
2314,0.75,0.6609999999999999
2315,0.75,0.6609999999999999
2316,0.75,0.6609999999999999
2317,0.75,0.6609999999999999
2318,0.75,0.6609999999999999
2319,0.75,0.664
2320,0.75,0.664
2321,0.75,0.6679999999999999
2322,0.75,0.6679999999999999
2323,0.75,0.6679999999999999
2324,0.75,0.6679999999999999
2325,0.65,0.667
2326,0.75,0.669
2327,0.75,0.67
2328,0.44999999999999996,0.6669999999999999
2329,0.75,0.6669999999999999
2330,0.35,0.6629999999999999
2331,0.75,0.6629999999999999
2332,0.75,0.664
2333,0.75,0.664
2334,0.75,0.664
2335,0.75,0.665
2336,0.75,0.667
2337,0.75,0.667
2338,0.55,0.6659999999999999
2339,0.75,0.6659999999999999
2340,0.65,0.665
2341,0.75,0.665
2342,0.75,0.665
2343,0.75,0.669
2344,0.65,0.67
2345,0.75,0.672
2346,0.75,0.672
2347,0.75,0.6779999999999999
2348,0.75,0.6809999999999999
2349,0.75,0.6809999999999999
2350,0.75,0.6809999999999999
2351,0.75,0.6809999999999999
2352,0.75,0.6809999999999999
2353,0.75,0.6809999999999999
2354,0.75,0.6809999999999999
2355,0.75,0.682
2356,0.75,0.682
2357,0.75,0.6839999999999999
2358,0.75,0.685
2359,0.55,0.6829999999999999
2360,0.75,0.6829999999999999
2361,0.65,0.6829999999999999
2362,0.75,0.6829999999999999
2363,0.65,0.682
2364,0.75,0.682
2365,0.75,0.6830000000000002
2366,0.75,0.684
2367,0.75,0.685
2368,0.75,0.687
2369,0.1499999999999998,0.682
2370,0.65,0.681
2371,0.34999999999999987,0.6809999999999999
2372,0.75,0.685
2373,0.75,0.685
2374,-0.050000000000000044,0.677
2375,0.75,0.677
2376,0.35,0.6769999999999999
2377,0.75,0.6769999999999999
2378,0.65,0.6759999999999999
2379,0.55,0.6739999999999999
2380,0.75,0.6739999999999999
2381,0.75,0.6759999999999999
2382,0.65,0.675
2383,0.65,0.6739999999999999
2384,0.65,0.6729999999999999
2385,0.75,0.6729999999999999
2386,0.75,0.6729999999999999
2387,0.75,0.6729999999999999
2388,0.75,0.6729999999999999
2389,0.75,0.6729999999999999
2390,0.55,0.6709999999999999
2391,0.75,0.6829999999999999
2392,0.75,0.6829999999999999
2393,0.75,0.6829999999999999
2394,0.75,0.6839999999999999
2395,0.75,0.6839999999999999
2396,0.75,0.6859999999999999
2397,0.75,0.6859999999999999
2398,-0.49999999999999994,0.6775
2399,0.75,0.6775
2400,0.75,0.6795
2401,0.55,0.6775
2402,0.75,0.6775
2403,0.75,0.6775
2404,0.75,0.6775
2405,0.55,0.6845
2406,0.75,0.6845
2407,0.75,0.6845
2408,0.75,0.6845
2409,0.75,0.6865000000000001
2410,0.75,0.6865000000000001
2411,0.75,0.6865000000000001
2412,0.75,0.6865000000000001
2413,0.75,0.6865000000000001
2414,0.55,0.6845
2415,0.75,0.6845
2416,0.45000000000000007,0.6815000000000001
2417,0.75,0.6815000000000001
2418,0.75,0.6815000000000001
2419,0.75,0.6815000000000001
2420,0.75,0.6815000000000001
2421,0.75,0.6815000000000001
2422,0.75,0.6815000000000001
2423,0.75,0.6815000000000001
2424,0.75,0.6815000000000001
2425,0.75,0.6825
2426,0.75,0.6825
2427,0.75,0.6825
2428,0.75,0.6855000000000001
2429,0.75,0.6855000000000001
2430,0.75,0.6895
2431,-0.25000000000000044,0.6795
2432,0.75,0.6795
2433,0.75,0.6795
2434,0.75,0.6795
2435,0.75,0.6795
2436,0.65,0.6785
2437,0.75,0.6785
2438,0.75,0.6805
2439,0.75,0.6805
2440,0.75,0.6814999999999999
2441,0.75,0.6814999999999999
2442,0.75,0.6814999999999999
2443,0.75,0.6814999999999999
2444,0.75,0.6825
2445,0.75,0.6825
2446,0.75,0.6825
2447,0.55,0.6805
2448,0.75,0.6805
2449,0.75,0.6805
2450,0.75,0.6805
2451,0.75,0.6805
2452,0.75,0.6805
2453,0.75,0.6805
2454,0.75,0.6805
2455,0.75,0.6805
2456,0.75,0.6805
2457,0.55,0.6785000000000001
2458,0.75,0.6785000000000001
2459,0.75,0.6805000000000001
2460,0.75,0.6805000000000001
2461,0.55,0.6795
2462,0.75,0.6795
2463,0.75,0.6805
2464,0.55,0.6785
2465,0.75,0.6785
2466,0.75,0.6785
2467,0.75,0.6785
2468,0.75,0.6785
2469,0.75,0.6845
2470,0.75,0.6855
2471,0.65,0.6885000000000001
2472,0.65,0.6875
2473,0.75,0.6875
2474,0.75,0.6955
2475,-0.9500000000000011,0.6785
2476,0.55,0.6805000000000001
2477,0.75,0.6805000000000001
2478,0.75,0.6815000000000001
2479,0.75,0.6835000000000001
2480,0.35,0.6795
2481,0.75,0.6795
2482,0.75,0.6805
2483,0.75,0.6815000000000001
2484,0.04999999999999971,0.6755
2485,0.75,0.6755
2486,0.75,0.6755
2487,0.75,0.6755
2488,0.75,0.6755
2489,0.75,0.6755
2490,0.65,0.6765000000000001
2491,0.75,0.6765000000000001
2492,0.65,0.6755
2493,0.2499999999999999,0.6705
2494,0.75,0.6705
2495,0.75,0.6705
2496,0.75,0.6705
2497,0.75,0.6705
2498,0.75,0.6829999999999999
2499,0.45000000000000007,0.68
2500,0.75,0.68
2501,0.75,0.682
2502,0.75,0.682
2503,0.75,0.682
2504,0.75,0.682
2505,0.6499999999999999,0.6829999999999999
2506,0.75,0.6829999999999999
2507,0.75,0.6829999999999999
2508,0.75,0.6829999999999999
2509,0.75,0.6829999999999999
2510,0.75,0.6829999999999999
2511,0.75,0.6829999999999999
2512,0.75,0.6829999999999999
2513,0.75,0.6829999999999999
2514,0.75,0.685
2515,0.75,0.685
2516,0.75,0.688
2517,0.75,0.688
2518,0.75,0.688
2519,0.75,0.688
2520,0.75,0.688
2521,0.75,0.688
2522,0.45000000000000007,0.685
2523,0.75,0.685
2524,0.75,0.685
2525,0.75,0.685
2526,0.75,0.685
2527,0.75,0.685
2528,0.75,0.685
2529,0.75,0.685
2530,0.75,0.685
2531,0.75,0.695
2532,0.65,0.694
2533,0.75,0.694
2534,0.75,0.694
2535,0.75,0.694
2536,0.75,0.695
2537,0.75,0.695
2538,0.75,0.695
2539,0.75,0.695
2540,0.75,0.695
2541,0.65,0.6940000000000001
2542,0.65,0.693
2543,0.75,0.693
2544,0.75,0.693
2545,0.75,0.693
2546,0.75,0.693
2547,0.75,0.695
2548,0.75,0.695
2549,0.75,0.695
2550,0.75,0.695
2551,0.75,0.695
2552,0.75,0.695
2553,0.75,0.695
2554,0.75,0.695
2555,0.75,0.695
2556,0.75,0.695
2557,0.75,0.6969999999999998
2558,0.75,0.6969999999999998
2559,0.75,0.6969999999999998
2560,0.75,0.6969999999999998
2561,0.75,0.699
2562,0.75,0.699
2563,0.75,0.699
2564,0.75,0.701
2565,0.75,0.701
2566,0.45000000000000007,0.698
2567,0.75,0.698
2568,0.75,0.698
2569,0.75,0.698
2570,0.75,0.698
2571,0.45000000000000007,0.696
2572,0.75,0.6970000000000001
2573,0.75,0.6970000000000001
2574,0.75,0.6970000000000001
2575,0.75,0.7140000000000001
2576,0.75,0.716
2577,0.75,0.716
2578,0.75,0.716
2579,0.75,0.716
2580,0.65,0.7190000000000001
2581,0.65,0.718
2582,0.65,0.7170000000000001
2583,0.65,0.716
2584,0.75,0.723
2585,0.75,0.723
2586,0.75,0.723
2587,0.75,0.723
2588,0.75,0.723
2589,0.55,0.7210000000000001
2590,0.35,0.718
2591,0.75,0.718
2592,0.75,0.7190000000000001
2593,0.75,0.7240000000000001
2594,0.75,0.7240000000000001
2595,0.75,0.7240000000000001
2596,0.75,0.7240000000000001
2597,0.75,0.7240000000000001
2598,0.75,0.7240000000000001
2599,0.75,0.727
2600,0.75,0.727
2601,0.75,0.727
2602,0.45000000000000007,0.7240000000000001
2603,0.75,0.7240000000000001
2604,0.75,0.7240000000000001
2605,0.75,0.725
2606,0.75,0.725
2607,0.65,0.7239999999999999
2608,0.75,0.7239999999999999
2609,0.65,0.723
2610,0.75,0.723
2611,0.75,0.723
2612,0.75,0.723
2613,0.75,0.723
2614,0.75,0.723
2615,0.55,0.721
2616,0.75,0.721
2617,0.65,0.72
2618,0.75,0.72
2619,0.75,0.72
2620,0.75,0.72
2621,0.75,0.72
2622,0.75,0.723
2623,0.65,0.7219999999999999
2624,0.75,0.7219999999999999
2625,0.75,0.7219999999999999
2626,0.75,0.7219999999999999
2627,0.75,0.7219999999999999
2628,0.75,0.7219999999999999
2629,0.55,0.72
2630,0.75,0.72
2631,0.75,0.72
2632,-2.55,0.688
2633,0.75,0.688
2634,0.65,0.687
2635,0.75,0.687
2636,0.75,0.687
2637,0.75,0.687
2638,0.75,0.687
2639,0.65,0.686
2640,0.75,0.686
2641,0.75,0.687
2642,0.75,0.6880000000000002
2643,0.75,0.6880000000000002
2644,0.45000000000000007,0.685
2645,0.75,0.685
2646,0.65,0.684
2647,0.75,0.684
2648,0.75,0.684
2649,0.75,0.684
2650,-0.15000000000000036,0.675
2651,0.75,0.675
2652,0.75,0.675
2653,0.75,0.675
2654,0.65,0.674
2655,0.75,0.674
2656,0.75,0.674
2657,0.75,0.674
2658,0.75,0.674
2659,0.75,0.674
2660,0.75,0.674
2661,0.75,0.674
2662,0.45000000000000007,0.671
2663,0.75,0.671
2664,0.75,0.671
2665,0.75,0.671
2666,0.75,0.674
2667,0.75,0.674
2668,0.75,0.674
2669,0.75,0.674
2670,0.75,0.674
2671,0.65,0.6759999999999999
2672,0.75,0.6759999999999999
2673,0.65,0.675
2674,0.75,0.675
2675,0.75,0.675
2676,0.65,0.674
2677,0.75,0.674
2678,0.75,0.674
2679,0.65,0.6729999999999999
2680,0.75,0.6739999999999999
2681,0.75,0.675
2682,0.75,0.6759999999999999
2683,0.75,0.677
2684,0.75,0.677
2685,0.75,0.677
2686,0.75,0.677
2687,0.75,0.677
2688,0.75,0.677
2689,0.75,0.6789999999999999
2690,0.75,0.6829999999999999
2691,0.75,0.6829999999999999
2692,0.65,0.682
2693,0.75,0.682
2694,0.55,0.68
2695,0.65,0.679
2696,0.75,0.679
2697,0.55,0.677
2698,0.75,0.677
2699,0.75,0.677
2700,0.75,0.677
2701,0.75,0.677
2702,0.55,0.6779999999999999
2703,0.75,0.6779999999999999
2704,0.75,0.6779999999999999
2705,0.44999999999999996,0.675
2706,0.65,0.6739999999999999
2707,-0.25,0.665
2708,0.75,0.665
2709,0.75,0.6659999999999999
2710,0.75,0.6659999999999999
2711,0.75,0.6659999999999999
2712,0.75,0.6659999999999999
2713,0.0,0.6585
2714,0.75,0.6585
2715,0.45000000000000007,0.6575
2716,0.75,0.6575
2717,0.65,0.6575
2718,0.75,0.6575
2719,0.75,0.6575
2720,0.75,0.6575
2721,0.75,0.6575
2722,0.75,0.6575
2723,0.75,0.6585000000000001
2724,0.55,0.6565000000000001
2725,0.75,0.6565000000000001
2726,0.75,0.6565000000000001
2727,0.75,0.6565000000000001
2728,0.75,0.6565000000000001
2729,-5.14999999999999,0.5995
2730,0.65,0.5985
2731,0.55,0.5965000000000001
2732,0.75,0.6295000000000001
2733,0.75,0.6295000000000001
2734,0.75,0.6305000000000001
2735,0.75,0.6305000000000001
2736,0.75,0.6305000000000001
2737,0.75,0.6305000000000001
2738,0.65,0.6295000000000001
2739,0.75,0.6305000000000001
2740,0.75,0.6305000000000001
2741,0.75,0.6305000000000001
2742,0.75,0.6305000000000001
2743,0.75,0.6305000000000001
2744,0.75,0.6335000000000001
2745,0.75,0.6335000000000001
2746,0.75,0.6345000000000001
2747,0.75,0.6345000000000001
2748,0.75,0.6345000000000001
2749,0.75,0.6345000000000001
2750,0.75,0.6435000000000001
2751,0.75,0.6435000000000001
2752,0.75,0.6435000000000001
2753,0.65,0.6425000000000002
2754,0.75,0.6435000000000001
2755,0.65,0.6425000000000002
2756,0.55,0.6405000000000001
2757,0.75,0.6405000000000001
2758,0.75,0.6405000000000001
2759,0.75,0.6405000000000001
2760,0.75,0.6405000000000001
2761,0.75,0.6405000000000001
2762,0.75,0.6435000000000001
2763,0.75,0.6435000000000001
2764,0.65,0.6425000000000002
2765,0.75,0.6425000000000002
2766,0.65,0.6415000000000001
2767,0.75,0.6415000000000001
2768,0.75,0.6415000000000001
2769,0.75,0.6415000000000001
2770,0.55,0.6395000000000001
2771,0.75,0.6405000000000001
2772,0.65,0.6395000000000001
2773,0.75,0.6405000000000001
2774,0.75,0.6405000000000001
2775,0.75,0.6405000000000001
2776,0.65,0.6405000000000001
2777,0.75,0.6405000000000001
2778,0.75,0.6405000000000001
2779,0.65,0.6405000000000001
2780,0.75,0.6405000000000001
2781,0.75,0.6405000000000001
2782,0.75,0.6405000000000001
2783,0.75,0.6405000000000001
2784,0.75,0.6405000000000001
2785,0.75,0.6405000000000001
2786,0.75,0.6405000000000001
2787,0.75,0.6405000000000001
2788,0.55,0.6385000000000002
2789,0.75,0.6385000000000002
2790,0.75,0.6385000000000002
2791,0.65,0.6375000000000002
2792,0.75,0.6385000000000001
2793,0.75,0.6385000000000001
2794,0.75,0.6405000000000001
2795,0.75,0.6415000000000001
2796,0.75,0.6415000000000001
2797,0.75,0.6435000000000001
2798,0.75,0.6435000000000001
2799,0.75,0.6435000000000001
2800,0.75,0.6435000000000001
2801,0.75,0.6435000000000001
2802,0.75,0.6455000000000001
2803,0.75,0.6455000000000001
2804,0.65,0.6445000000000002
2805,0.75,0.6475000000000002
2806,0.75,0.6485000000000002
2807,0.75,0.6585000000000002
2808,0.75,0.6585000000000002
2809,0.65,0.6575000000000002
2810,0.75,0.6575000000000002
2811,0.75,0.6575000000000002
2812,0.75,0.6575000000000002
2813,0.75,0.6650000000000001
2814,0.75,0.6650000000000001
2815,0.75,0.6680000000000001
2816,0.65,0.6670000000000001
2817,0.75,0.6680000000000001
2818,0.75,0.6680000000000001
2819,0.1499999999999998,0.662
2820,0.65,0.661
2821,0.65,0.6600000000000001
2822,-1.1500000000000004,0.6410000000000001
2823,0.75,0.6410000000000001
2824,0.55,0.6410000000000001
2825,0.75,0.6410000000000001
2826,0.75,0.6410000000000001
2827,0.45000000000000007,0.6380000000000001
2828,0.75,0.6380000000000001
2829,-0.2500000000000002,0.687
2830,0.75,0.688
2831,0.44999999999999996,0.687
2832,0.75,0.687
2833,-0.5500000000000007,0.6739999999999999
2834,0.75,0.6739999999999999
2835,0.45000000000000007,0.6709999999999999
2836,0.75,0.6709999999999999
2837,0.65,0.67
2838,0.75,0.6709999999999999
2839,0.75,0.6709999999999999
2840,0.65,0.6699999999999998
2841,0.1499999999999998,0.6639999999999999
2842,-0.05,0.6559999999999999
2843,0.75,0.6559999999999999
2844,-0.050000000000000044,0.648
2845,0.75,0.648
2846,-2.1000000000000005,0.6194999999999999
2847,0.75,0.6194999999999999
2848,-0.15000000000000013,0.6104999999999999
2849,0.75,0.6104999999999999
2850,0.1499999999999998,0.6044999999999999
2851,0.75,0.6044999999999999
2852,0.75,0.6044999999999999
2853,0.75,0.6054999999999999
2854,0.75,0.6054999999999999
2855,0.75,0.6065
2856,0.65,0.6075
2857,0.75,0.6075
2858,0.45000000000000007,0.6044999999999999
2859,0.75,0.6044999999999999
2860,0.75,0.6044999999999999
2861,0.75,0.6044999999999999
2862,0.75,0.6044999999999999
2863,0.75,0.6044999999999999
2864,0.75,0.6054999999999999
2865,0.75,0.6054999999999999
2866,0.75,0.6065
2867,0.65,0.6054999999999999
2868,-0.15000000000000036,0.5965
2869,0.75,0.5965
2870,0.75,0.5984999999999999
2871,0.75,0.5984999999999999
2872,0.75,0.5994999999999999
2873,0.65,0.5984999999999999
2874,0.75,0.5984999999999999
2875,0.75,0.5984999999999999
2876,0.75,0.5994999999999999
2877,0.75,0.5994999999999999
2878,0.75,0.5994999999999999
2879,0.65,0.5995
2880,0.55,0.5975
2881,0.55,0.5954999999999999
2882,0.75,0.5954999999999999
2883,0.65,0.5945
2884,0.75,0.5945
2885,0.75,0.5945
2886,0.75,0.5945
2887,0.75,0.5945
2888,0.75,0.5965
2889,0.75,0.5965
2890,0.75,0.5965
2891,0.75,0.5975
2892,0.75,0.5975
2893,0.65,0.5965
2894,0.75,0.5965
2895,0.2499999999999999,0.5915
2896,0.75,0.5915
2897,0.65,0.5905
2898,0.75,0.5905
2899,0.75,0.5905
2900,0.75,0.5905
2901,0.75,0.5905
2902,0.65,0.5894999999999999
2903,0.75,0.5894999999999999
2904,0.75,0.5905
2905,0.75,0.5905
2906,0.75,0.5905
2907,-0.5500000000000007,0.5775
2908,0.75,0.5775
2909,-0.1,0.57
2910,0.55,0.568
2911,0.75,0.568
2912,0.75,0.568
2913,0.75,0.568
2914,0.75,0.568
2915,0.75,0.568
2916,0.75,0.569
2917,0.75,0.569
2918,0.65,0.568
2919,0.75,0.574
2920,0.75,0.575
2921,0.75,0.576
2922,0.75,0.595
2923,0.04999999999999971,0.588
2924,0.75,0.59
2925,0.75,0.59
2926,0.75,0.59
2927,0.75,0.593
2928,0.75,0.593
2929,0.75,0.603
2930,0.75,0.603
2931,0.75,0.606
2932,0.75,0.606
2933,0.65,0.618
2934,0.55,0.616
2935,-0.1,0.6104999999999999
2936,0.65,0.6094999999999999
2937,0.65,0.6094999999999999
2938,0.65,0.6084999999999999
2939,0.75,0.6084999999999999
2940,0.75,0.6094999999999999
2941,0.65,0.6144999999999999
2942,0.75,0.6224999999999999
2943,0.75,0.6224999999999999
2944,0.75,0.6305
2945,0.75,0.6305
2946,0.75,0.6589999999999999
2947,0.75,0.6589999999999999
2948,0.75,0.6679999999999999
2949,0.75,0.6679999999999999
2950,0.75,0.6739999999999999
2951,0.75,0.6739999999999999
2952,0.65,0.6729999999999999
2953,0.75,0.6729999999999999
2954,0.75,0.6729999999999999
2955,0.75,0.6729999999999999
2956,0.75,0.674
2957,0.75,0.674
2958,0.65,0.6759999999999999
2959,0.75,0.6759999999999999
2960,0.75,0.6759999999999999
2961,0.75,0.6759999999999999
2962,0.75,0.6759999999999999
2963,0.75,0.6759999999999999
2964,0.75,0.6759999999999999
2965,-2.0499999999999976,0.648
2966,0.75,0.648
2967,0.75,0.6489999999999999
2968,0.75,0.6579999999999999
2969,0.75,0.6579999999999999
2970,0.75,0.6579999999999999
2971,0.75,0.6579999999999999
2972,0.75,0.6579999999999999
2973,0.75,0.6589999999999999
2974,0.75,0.6589999999999999
2975,0.55,0.657
2976,0.75,0.657
2977,0.75,0.657
2978,0.75,0.657
2979,0.75,0.6580000000000001
2980,0.75,0.6600000000000001
2981,0.75,0.662
2982,0.75,0.662
2983,0.75,0.6630000000000001
2984,0.75,0.6630000000000001
2985,0.75,0.6630000000000001
2986,0.75,0.6630000000000001
2987,0.75,0.6630000000000001
2988,0.75,0.6630000000000001
2989,0.75,0.6630000000000001
2990,0.45000000000000007,0.66
2991,0.75,0.66
2992,0.75,0.66
2993,0.65,0.66
2994,0.75,0.66
2995,0.75,0.665
2996,0.75,0.665
2997,0.75,0.666
2998,0.65,0.6650000000000001
2999,0.75,0.6650000000000001
3000,0.75,0.6650000000000001
3001,0.65,0.664
3002,0.75,0.665
3003,0.75,0.665
3004,0.75,0.665
3005,0.65,0.664
3006,0.75,0.664
3007,0.75,0.677
3008,0.65,0.6759999999999999
3009,0.75,0.6845
3010,0.75,0.6864999999999999
3011,0.75,0.6864999999999999
3012,0.75,0.6864999999999999
3013,0.75,0.6864999999999999
3014,0.75,0.6864999999999999
3015,0.75,0.6864999999999999
3016,0.75,0.6864999999999999
3017,0.75,0.6864999999999999
3018,0.75,0.6875
3019,0.75,0.6875
3020,0.75,0.6875
3021,0.75,0.6875
3022,0.75,0.6875
3023,0.75,0.6945
3024,0.45000000000000007,0.6915
3025,0.75,0.6915
3026,0.75,0.6915
3027,0.75,0.6915
3028,0.6499999999999999,0.6905000000000001
3029,0.65,0.6895
3030,0.75,0.6895
3031,0.75,0.6895
3032,0.75,0.6895
3033,0.75,0.6905
3034,0.55,0.6905000000000001
3035,0.75,0.6990000000000001
3036,0.75,0.7000000000000002
3037,0.75,0.7010000000000001
3038,0.75,0.7020000000000001
3039,0.75,0.7020000000000001
3040,0.75,0.7020000000000001
3041,0.75,0.7030000000000001
3042,0.75,0.7030000000000001
3043,0.75,0.7030000000000001
3044,0.75,0.7030000000000001
3045,0.75,0.7030000000000001
3046,0.75,0.7030000000000001
3047,0.75,0.7030000000000001
3048,0.75,0.7030000000000001
3049,0.34999999999999987,0.6990000000000001
3050,0.75,0.6990000000000001
3051,0.75,0.6990000000000001
3052,0.75,0.7
3053,0.65,0.6990000000000001
3054,0.75,0.6990000000000001
3055,0.65,0.698
3056,0.75,0.698
3057,0.75,0.698
3058,0.75,0.6990000000000001
3059,0.75,0.6990000000000001
3060,0.75,0.6990000000000001
3061,0.75,0.6990000000000001
3062,0.75,0.6990000000000001
3063,0.75,0.6990000000000001
3064,0.75,0.6990000000000001
3065,0.75,0.727
3066,0.75,0.727
3067,0.75,0.727
3068,0.65,0.7260000000000001
3069,0.75,0.7260000000000001
3070,0.75,0.7260000000000001
3071,0.75,0.7260000000000001
3072,0.75,0.7260000000000001
3073,0.75,0.7260000000000001
3074,0.75,0.7260000000000001
3075,0.75,0.728
3076,0.75,0.728
3077,0.75,0.728
3078,0.75,0.728
3079,0.75,0.728
3080,0.75,0.728
3081,0.75,0.728
3082,0.75,0.728
3083,0.65,0.7269999999999999
3084,0.75,0.7269999999999999
3085,0.75,0.7269999999999999
3086,0.75,0.7269999999999999
3087,0.75,0.7269999999999999
3088,0.75,0.7269999999999999
3089,0.75,0.7269999999999999
3090,0.75,0.73
3091,0.75,0.73
3092,0.75,0.73
3093,0.75,0.731
3094,0.75,0.731
3095,0.65,0.73
3096,0.75,0.73
3097,0.75,0.73
3098,0.55,0.7289999999999999
3099,0.75,0.7289999999999999
3100,0.75,0.7289999999999999
3101,0.75,0.73
3102,0.75,0.73
3103,0.75,0.73
3104,0.75,0.73
3105,0.75,0.731
3106,0.75,0.731
3107,0.75,0.731
3108,0.75,0.732
3109,-0.15000000000000036,0.7230000000000001
3110,0.75,0.7230000000000001
3111,0.24999999999999978,0.7180000000000001
3112,0.75,0.7180000000000001
3113,0.75,0.7180000000000001
3114,0.75,0.7180000000000001
3115,0.55,0.7160000000000001
3116,0.75,0.7160000000000001
3117,0.45000000000000007,0.7130000000000001
3118,0.75,0.7130000000000001
3119,0.65,0.7120000000000001
3120,0.1499999999999998,0.7060000000000001
3121,0.65,0.705
3122,0.75,0.705
3123,0.75,0.705
3124,0.75,0.708
3125,0.75,0.708
3126,0.75,0.708
3127,0.75,0.708
3128,0.75,0.709
3129,0.75,0.71
3130,0.35,0.7060000000000001
3131,0.35,0.7020000000000001
3132,0.75,0.7020000000000001
3133,0.75,0.7020000000000001
3134,0.75,0.704
3135,0.55,0.7019999999999998
3136,0.75,0.7019999999999998
3137,0.75,0.7019999999999998
3138,0.75,0.7019999999999998
3139,0.75,0.7019999999999998
3140,0.75,0.7019999999999998
3141,0.75,0.7019999999999998
3142,0.55,0.7
3143,0.75,0.7
3144,0.75,0.7
3145,0.75,0.7
3146,0.75,0.7
3147,0.75,0.7
3148,0.75,0.7
3149,0.75,0.7040000000000001
3150,0.75,0.7040000000000001
3151,0.75,0.7040000000000001
3152,-0.15000000000000002,0.695
3153,0.75,0.696
3154,0.75,0.696
3155,0.75,0.6970000000000001
3156,0.75,0.6970000000000001
3157,0.55,0.695
3158,0.75,0.695
3159,0.75,0.695
3160,0.75,0.695
3161,0.75,0.695
3162,0.75,0.695
3163,0.34999999999999987,0.6910000000000001
3164,0.75,0.6910000000000001
3165,0.75,0.6910000000000001
3166,0.75,0.6910000000000001
3167,0.75,0.6910000000000001
3168,0.75,0.6920000000000001
3169,0.75,0.6920000000000001
3170,0.75,0.6920000000000001
3171,0.75,0.6920000000000001
3172,-0.15000000000000002,0.6829999999999999
3173,0.55,0.6809999999999999
3174,0.75,0.6809999999999999
3175,0.75,0.6809999999999999
3176,0.75,0.6809999999999999
3177,0.75,0.6809999999999999
3178,0.75,0.6809999999999999
3179,0.75,0.6809999999999999
3180,0.75,0.6809999999999999
3181,0.65,0.68
3182,0.75,0.68
3183,0.75,0.681
3184,0.75,0.681
3185,0.75,0.681
3186,0.75,0.681
3187,0.75,0.681
3188,0.75,0.681
3189,0.75,0.681
3190,0.65,0.68
3191,0.65,0.679
3192,0.75,0.679
3193,0.75,0.679
3194,0.75,0.679
3195,0.75,0.68
3196,0.75,0.68
3197,0.75,0.68
3198,0.75,0.682
3199,0.75,0.682
3200,0.75,0.682
3201,0.75,0.682
3202,0.75,0.682
3203,0.75,0.682
3204,0.75,0.682
3205,0.75,0.682
3206,0.65,0.681
3207,0.75,0.681
3208,0.75,0.681
3209,0.75,0.69
3210,0.75,0.69
3211,0.75,0.695
3212,0.75,0.695
3213,0.75,0.695
3214,0.75,0.695
3215,0.75,0.6970000000000001
3216,0.65,0.696
3217,0.75,0.699
3218,0.75,0.699
3219,0.55,0.698
3220,0.55,0.7020000000000001
3221,0.75,0.7030000000000001
3222,0.75,0.7030000000000001
3223,0.75,0.7030000000000001
3224,0.75,0.7030000000000001
3225,0.75,0.7030000000000001
3226,0.75,0.7030000000000001
3227,0.75,0.7030000000000001
3228,0.75,0.7030000000000001
3229,0.75,0.7030000000000001
3230,0.75,0.7070000000000001
3231,0.75,0.7110000000000001
3232,0.55,0.7090000000000001
3233,0.55,0.7070000000000001
3234,0.75,0.7070000000000001
3235,0.65,0.7080000000000001
3236,0.75,0.7080000000000001
3237,0.75,0.7080000000000001
3238,0.75,0.7080000000000001
3239,0.75,0.7080000000000001
3240,0.75,0.7080000000000001
3241,0.55,0.7060000000000001
3242,0.75,0.708
3243,0.65,0.7069999999999999
3244,0.75,0.7069999999999999
3245,0.75,0.7069999999999999
3246,0.75,0.7069999999999999
3247,0.75,0.7069999999999999
3248,0.75,0.7069999999999999
3249,0.75,0.7069999999999999
3250,0.75,0.7069999999999999
3251,0.75,0.7069999999999999
3252,0.75,0.716
3253,0.75,0.716
3254,0.75,0.716
3255,0.75,0.716
3256,0.75,0.716
3257,0.75,0.718
3258,0.75,0.718
3259,0.75,0.718
3260,0.75,0.718
3261,0.75,0.718
3262,0.75,0.718
3263,0.45000000000000007,0.7189999999999999
3264,0.75,0.7189999999999999
3265,0.65,0.718
3266,0.65,0.7169999999999999
3267,0.75,0.7169999999999999
3268,0.75,0.7169999999999999
3269,0.75,0.7169999999999999
3270,0.75,0.7169999999999999
3271,0.75,0.7169999999999999
3272,0.75,0.726
3273,0.75,0.728
3274,0.75,0.728
3275,0.75,0.728
3276,0.75,0.728
3277,0.75,0.728
3278,0.75,0.728
3279,0.75,0.728
3280,0.75,0.728
3281,0.75,0.7289999999999999
3282,0.75,0.7289999999999999
3283,0.75,0.7289999999999999
3284,0.75,0.7289999999999999
3285,0.75,0.7289999999999999
3286,0.75,0.7289999999999999
3287,0.75,0.7289999999999999
3288,0.75,0.7289999999999999
3289,0.75,0.7289999999999999
3290,0.75,0.73
3291,0.75,0.731
3292,0.75,0.731
3293,-0.05,0.723
3294,0.75,0.723
3295,0.75,0.723
3296,0.75,0.723
3297,0.75,0.723
3298,0.75,0.723
3299,0.75,0.723
3300,0.75,0.723
3301,0.75,0.723
3302,0.75,0.723
3303,0.75,0.723
3304,0.75,0.723
3305,0.75,0.723
3306,0.75,0.7239999999999999
3307,0.75,0.7239999999999999
3308,0.75,0.7239999999999999
3309,0.75,0.7239999999999999
3310,0.75,0.7239999999999999
3311,0.75,0.7239999999999999
3312,0.75,0.7239999999999999
3313,0.75,0.7239999999999999
3314,0.75,0.7239999999999999
3315,0.2499999999999999,0.7189999999999999
3316,0.75,0.72
3317,0.75,0.72
3318,0.75,0.72
3319,0.75,0.722
3320,0.65,0.723
3321,0.75,0.723
3322,0.75,0.723
3323,0.75,0.723
3324,0.75,0.723
3325,0.75,0.723
3326,0.65,0.7219999999999999
3327,0.75,0.7219999999999999
3328,0.75,0.7219999999999999
3329,0.65,0.721
3330,0.75,0.721
3331,0.75,0.721
3332,0.75,0.723
3333,0.65,0.7240000000000001
3334,0.75,0.7240000000000001
3335,0.75,0.725
3336,0.75,0.725
3337,0.75,0.725
3338,0.75,0.725
3339,0.2499999999999999,0.72
3340,0.75,0.72
3341,0.75,0.722
3342,0.75,0.722
3343,0.75,0.7230000000000001
3344,0.75,0.7230000000000001
3345,0.75,0.7230000000000001
3346,0.65,0.722
3347,0.75,0.722
3348,0.75,0.722
3349,0.75,0.722
3350,0.65,0.7210000000000001
3351,0.75,0.7210000000000001
3352,0.75,0.7210000000000001
3353,0.75,0.7210000000000001
3354,0.75,0.7210000000000001
3355,0.75,0.7210000000000001
3356,0.75,0.7210000000000001
3357,0.65,0.72
3358,0.75,0.72
3359,0.65,0.7190000000000001
3360,0.75,0.7190000000000001
3361,0.65,0.7180000000000001
3362,0.75,0.7180000000000001
3363,0.75,0.7210000000000001
3364,0.75,0.7210000000000001
3365,0.75,0.722
3366,0.65,0.722
3367,0.75,0.722
3368,0.75,0.722
3369,0.75,0.722
3370,0.65,0.7210000000000001
3371,0.75,0.7210000000000001
3372,0.75,0.7210000000000001
3373,0.75,0.7210000000000001
3374,0.75,0.7210000000000001
3375,0.75,0.7210000000000001
3376,0.75,0.7210000000000001
3377,0.75,0.7210000000000001
3378,0.75,0.7210000000000001
3379,0.75,0.7210000000000001
3380,0.75,0.7210000000000001
3381,0.75,0.7210000000000001
3382,0.75,0.7210000000000001
3383,0.75,0.7210000000000001
3384,-0.25,0.7110000000000001
3385,0.75,0.7110000000000001
3386,0.75,0.7110000000000001
3387,0.75,0.7110000000000001
3388,0.75,0.7110000000000001
3389,0.75,0.7110000000000001
3390,0.75,0.7110000000000001
3391,0.75,0.7110000000000001
3392,0.75,0.7110000000000001
3393,0.35,0.715
3394,0.75,0.715
3395,0.75,0.715
3396,0.75,0.715
3397,0.75,0.715
3398,0.2499999999999999,0.71
3399,0.75,0.71
3400,0.75,0.71
3401,0.75,0.71
3402,0.75,0.71
3403,0.65,0.7090000000000001
3404,0.75,0.7090000000000001
3405,0.75,0.7090000000000001
3406,0.75,0.7090000000000001
3407,0.75,0.7090000000000001
3408,0.75,0.7090000000000001
3409,0.75,0.7090000000000001
3410,0.75,0.7090000000000001
3411,0.75,0.7090000000000001
3412,0.75,0.7090000000000001
3413,0.75,0.7090000000000001
3414,0.75,0.7090000000000001
3415,0.75,0.7140000000000001
3416,0.75,0.7140000000000001
3417,0.75,0.7140000000000001
3418,0.65,0.713
3419,0.75,0.713
3420,0.75,0.714
3421,0.75,0.714
3422,0.75,0.714
3423,0.75,0.714
3424,0.2499999999999999,0.709
3425,0.75,0.709
3426,0.75,0.71
3427,0.75,0.71
3428,0.65,0.7090000000000001
3429,0.75,0.71
3430,0.75,0.71
3431,0.75,0.71
3432,0.75,0.71
3433,0.75,0.711
3434,0.75,0.711
3435,0.75,0.711
3436,0.75,0.711
3437,0.75,0.711
3438,0.75,0.711
3439,0.75,0.716
3440,0.75,0.716
3441,0.75,0.716
3442,0.75,0.716
3443,0.75,0.716
3444,0.75,0.716
3445,0.75,0.716
3446,0.75,0.7170000000000001
3447,0.75,0.7170000000000001
3448,0.75,0.7170000000000001
3449,0.75,0.7170000000000001
3450,0.75,0.718
3451,0.75,0.718
3452,0.75,0.718
3453,0.75,0.718
3454,0.75,0.718
3455,0.75,0.718
3456,0.75,0.718
3457,0.75,0.7190000000000001
3458,0.75,0.7190000000000001
3459,0.75,0.72
3460,0.65,0.7190000000000001
3461,0.75,0.72
3462,0.75,0.72
3463,0.75,0.72
3464,0.75,0.72
3465,0.75,0.72
3466,0.75,0.7210000000000001
3467,0.75,0.7210000000000001
3468,0.65,0.72
3469,0.75,0.72
3470,0.75,0.721
3471,0.55,0.7189999999999999
3472,0.75,0.7189999999999999
3473,0.75,0.7189999999999999
3474,0.75,0.7189999999999999
3475,0.75,0.7189999999999999
3476,0.75,0.7189999999999999
3477,0.75,0.7189999999999999
3478,0.75,0.7189999999999999
3479,0.75,0.7189999999999999
3480,0.75,0.7189999999999999
3481,0.75,0.7189999999999999
3482,0.75,0.7189999999999999
3483,0.75,0.7189999999999999
3484,0.75,0.7289999999999999
3485,0.75,0.7289999999999999
3486,0.65,0.728
3487,0.75,0.728
3488,0.65,0.727
3489,0.75,0.727
3490,0.75,0.727
3491,0.65,0.726
3492,0.75,0.726
3493,0.65,0.7290000000000001
3494,0.75,0.7290000000000001
3495,0.75,0.7290000000000001
3496,0.75,0.7290000000000001
3497,0.75,0.7290000000000001
3498,0.75,0.7340000000000001
3499,0.75,0.7340000000000001
3500,0.75,0.7340000000000001
3501,0.45000000000000007,0.7310000000000001
3502,0.75,0.7310000000000001
3503,0.75,0.732
3504,0.75,0.732
3505,0.65,0.731
3506,0.75,0.731
3507,0.75,0.731
3508,0.75,0.731
3509,-0.1,0.7225
3510,0.75,0.7225
3511,0.75,0.7225
3512,0.75,0.7225
3513,0.75,0.7225
3514,0.65,0.7214999999999999
3515,0.75,0.7214999999999999
3516,0.75,0.7214999999999999
3517,0.75,0.7214999999999999
3518,0.65,0.7215
3519,0.75,0.7215
3520,0.75,0.7215
3521,0.75,0.7215
3522,0.75,0.7215
3523,0.75,0.7215
3524,0.65,0.7255000000000001
3525,0.75,0.7255000000000001
3526,0.75,0.7255000000000001
3527,0.75,0.7255000000000001
3528,0.75,0.7265
3529,0.75,0.7265
3530,0.75,0.7265
3531,0.75,0.7265
3532,0.75,0.7265
3533,0.75,0.7265
3534,0.75,0.7265
3535,0.75,0.7265
3536,0.75,0.7265
3537,0.75,0.7265
3538,0.75,0.7265
3539,0.75,0.7265
3540,0.75,0.7265
3541,0.75,0.7265
3542,0.75,0.7265
3543,0.75,0.7265
3544,0.75,0.7265
3545,0.75,0.7265
3546,0.75,0.7265
3547,0.75,0.7265
3548,0.75,0.7265
3549,0.75,0.7265
3550,0.75,0.7265
3551,0.75,0.7265
3552,0.65,0.7254999999999999
3553,0.75,0.7254999999999999
3554,0.75,0.7254999999999999
3555,0.75,0.7254999999999999
3556,0.55,0.7234999999999999
3557,0.75,0.7234999999999999
3558,0.75,0.7234999999999999
3559,0.75,0.7234999999999999
3560,0.75,0.7244999999999999
3561,0.75,0.7244999999999999
3562,0.75,0.7244999999999999
3563,0.75,0.7244999999999999
3564,0.75,0.7244999999999999
3565,0.75,0.7244999999999999
3566,0.75,0.7244999999999999
3567,0.75,0.7244999999999999
3568,0.75,0.7254999999999999
3569,0.75,0.7254999999999999
3570,0.75,0.7254999999999999
3571,0.75,0.7275
3572,0.75,0.7275
3573,0.75,0.7275
3574,0.75,0.7275
3575,0.65,0.7265
3576,0.75,0.7265
3577,0.75,0.7265
3578,0.75,0.7265
3579,0.75,0.7265
3580,0.55,0.7245
3581,0.75,0.7245
3582,0.75,0.7245
3583,0.75,0.7245
3584,0.75,0.7245
3585,0.75,0.7245
3586,0.75,0.7254999999999999
3587,0.75,0.7254999999999999
3588,0.75,0.7264999999999999
3589,0.75,0.7264999999999999
3590,0.75,0.7264999999999999
3591,0.75,0.7275
3592,0.75,0.7275
3593,0.75,0.7284999999999999
3594,0.75,0.7284999999999999
3595,0.75,0.7284999999999999
3596,0.75,0.7284999999999999
3597,0.75,0.7284999999999999
3598,0.65,0.7275
3599,0.75,0.7275
3600,0.75,0.7275
3601,0.75,0.7304999999999999
3602,0.75,0.7304999999999999
3603,0.75,0.7304999999999999
3604,0.75,0.7304999999999999
3605,0.75,0.7315
3606,0.75,0.7315
3607,0.75,0.7315
3608,-0.05,0.7235
3609,0.65,0.731
3610,0.75,0.731
3611,0.75,0.731
3612,0.75,0.731
3613,0.75,0.731
3614,0.75,0.732
3615,0.75,0.732
3616,0.75,0.732
3617,0.75,0.732
3618,0.75,0.733
3619,0.75,0.733
3620,0.75,0.733
3621,0.75,0.733
3622,0.75,0.733
3623,0.75,0.733
3624,0.75,0.7339999999999999
3625,0.75,0.7339999999999999
3626,0.75,0.7339999999999999
3627,0.75,0.7339999999999999
3628,0.75,0.7339999999999999
3629,-0.7500000000000009,0.7189999999999999
3630,0.75,0.7189999999999999
3631,0.75,0.7189999999999999
3632,0.75,0.7189999999999999
3633,-0.15000000000000002,0.71
3634,0.75,0.71
3635,0.75,0.71
3636,0.75,0.71
3637,0.75,0.71
3638,0.75,0.71
3639,0.75,0.71
3640,0.75,0.71
3641,0.75,0.71
3642,0.75,0.71
3643,0.75,0.71
3644,0.75,0.71
3645,0.75,0.71
3646,0.75,0.71
3647,0.75,0.71
3648,0.75,0.71
3649,0.75,0.71
3650,0.75,0.71
3651,0.75,0.71
3652,0.75,0.7110000000000001
3653,0.75,0.7110000000000001
3654,0.75,0.7110000000000001
3655,0.55,0.7090000000000001
3656,0.75,0.7110000000000001
3657,0.75,0.7110000000000001
3658,0.75,0.7110000000000001
3659,0.75,0.7110000000000001
3660,0.75,0.7110000000000001
3661,0.75,0.7110000000000001
3662,0.75,0.7110000000000001
3663,0.75,0.7110000000000001
3664,0.65,0.71
3665,0.75,0.71
3666,0.2499999999999999,0.705
3667,0.75,0.705
3668,0.65,0.7040000000000001
3669,0.75,0.7040000000000001
3670,0.75,0.7040000000000001
3671,0.44999999999999996,0.7010000000000001
3672,0.75,0.7010000000000001
3673,0.55,0.6990000000000001
3674,0.75,0.6990000000000001
3675,0.75,0.7
3676,0.75,0.7
3677,0.75,0.7
3678,0.35,0.696
3679,0.75,0.696
3680,0.75,0.698
3681,0.75,0.698
3682,0.75,0.698
3683,0.75,0.698
3684,0.75,0.698
3685,0.55,0.6960000000000001
3686,0.75,0.6960000000000001
3687,0.75,0.6960000000000001
3688,0.75,0.6960000000000001
3689,0.75,0.6960000000000001
3690,0.75,0.6960000000000001
3691,0.75,0.6960000000000001
3692,0.75,0.6960000000000001
3693,0.75,0.6960000000000001
3694,0.75,0.6960000000000001
3695,0.75,0.6960000000000001
3696,0.75,0.6960000000000001
3697,0.1499999999999998,0.69
3698,0.75,0.691
3699,0.75,0.691
3700,0.75,0.691
3701,0.75,0.691
3702,0.55,0.689
3703,0.75,0.689
3704,0.75,0.689
3705,0.75,0.689
3706,0.75,0.689
3707,0.75,0.689
3708,0.75,0.6969999999999998
3709,0.75,0.698
3710,0.75,0.698
3711,0.75,0.698
3712,0.55,0.6960000000000001
3713,0.65,0.695
3714,0.04999999999999982,0.688
3715,0.65,0.687
3716,0.75,0.687
3717,0.75,0.687
3718,0.75,0.687
3719,0.75,0.687
3720,0.75,0.687
3721,0.75,0.687
3722,0.75,0.687
3723,0.75,0.687
3724,0.75,0.687
3725,0.75,0.687
3726,0.75,0.687
3727,0.75,0.687
3728,0.75,0.687
3729,0.75,0.7020000000000001
3730,0.75,0.7020000000000001
3731,0.75,0.7020000000000001
3732,0.65,0.7010000000000001
3733,0.65,0.709
3734,0.75,0.709
3735,0.65,0.708
3736,0.75,0.708
3737,0.75,0.708
3738,0.75,0.708
3739,0.75,0.708
3740,0.75,0.708
3741,0.65,0.7069999999999999
3742,0.75,0.7069999999999999
3743,0.75,0.7069999999999999
3744,0.65,0.706
3745,0.75,0.706
3746,0.75,0.706
3747,0.75,0.706
3748,0.55,0.704
3749,0.75,0.704
3750,0.75,0.704
3751,0.75,0.704
3752,0.55,0.7019999999999998
3753,0.75,0.7019999999999998
3754,0.75,0.7019999999999998
3755,-0.3,0.6934999999999999
3756,0.75,0.6934999999999999
3757,0.75,0.6934999999999999
3758,0.75,0.6934999999999999
3759,0.75,0.6934999999999999
3760,0.75,0.6934999999999999
3761,0.75,0.6934999999999999
3762,0.75,0.6934999999999999
3763,0.75,0.6934999999999999
3764,0.75,0.6945
3765,0.75,0.6945
3766,0.75,0.6995
3767,0.75,0.6995
3768,0.75,0.7005
3769,0.75,0.7005
3770,0.65,0.6995
3771,0.75,0.7025
3772,0.75,0.7025
3773,0.75,0.7045
3774,0.75,0.7045
3775,0.65,0.7034999999999999
3776,0.75,0.7034999999999999
3777,0.75,0.7034999999999999
3778,0.75,0.7075
3779,0.75,0.7075
3780,0.75,0.7075
3781,0.75,0.7075
3782,0.75,0.7075
3783,0.75,0.7075
3784,0.75,0.7075
3785,0.75,0.7094999999999999
3786,0.75,0.7094999999999999
3787,0.75,0.7094999999999999
3788,0.75,0.7094999999999999
3789,0.75,0.7094999999999999
3790,0.75,0.7094999999999999
3791,0.75,0.7094999999999999
3792,0.75,0.7094999999999999
3793,0.55,0.7075
3794,0.75,0.7075
3795,0.75,0.7075
3796,0.75,0.7075
3797,0.75,0.7135000000000001
3798,0.75,0.7135000000000001
3799,0.75,0.7135000000000001
3800,0.75,0.7135000000000001
3801,0.75,0.7135000000000001
3802,0.75,0.7155000000000001
3803,0.75,0.7155000000000001
3804,0.75,0.7155000000000001
3805,0.75,0.7155000000000001
3806,0.75,0.7155000000000001
3807,0.75,0.7155000000000001
3808,0.75,0.7155000000000001
3809,0.75,0.7155000000000001
3810,0.65,0.7145
3811,0.75,0.7145
3812,0.75,0.7164999999999999
3813,0.75,0.7175
3814,0.75,0.7245
3815,0.75,0.7254999999999999
3816,0.75,0.7254999999999999
3817,0.75,0.7254999999999999
3818,0.55,0.7234999999999999
3819,0.75,0.7234999999999999
3820,0.65,0.7225
3821,0.75,0.7225
3822,0.55,0.7204999999999999
3823,0.75,0.7204999999999999
3824,0.75,0.7204999999999999
3825,0.75,0.7204999999999999
3826,0.75,0.7204999999999999
3827,0.65,0.7195
3828,0.65,0.7184999999999999
3829,0.75,0.7184999999999999
3830,0.75,0.7184999999999999
3831,0.75,0.7184999999999999
3832,0.75,0.7194999999999999
3833,0.75,0.7204999999999999
3834,0.75,0.7204999999999999
3835,0.75,0.7214999999999999
3836,0.75,0.7214999999999999
3837,0.75,0.7214999999999999
3838,0.75,0.7214999999999999
3839,0.75,0.7214999999999999
3840,0.75,0.7214999999999999
3841,0.65,0.7215
3842,0.2499999999999999,0.7165
3843,-1.549999999999999,0.6935000000000001
3844,0.75,0.6945
3845,0.75,0.6945
3846,0.75,0.6945
3847,0.75,0.6945
3848,0.75,0.6965
3849,0.75,0.6965
3850,0.75,0.6965
3851,0.75,0.6965
3852,0.75,0.6985000000000001
3853,0.75,0.6985000000000001
3854,0.75,0.6985000000000001
3855,0.75,0.7090000000000001
3856,0.75,0.7090000000000001
3857,0.75,0.7090000000000001
3858,0.75,0.7090000000000001
3859,0.65,0.708
3860,0.75,0.708
3861,0.75,0.708
3862,0.75,0.708
3863,0.75,0.708
3864,0.75,0.708
3865,0.75,0.708
3866,0.75,0.708
3867,0.75,0.708
3868,0.75,0.708
3869,0.75,0.708
3870,0.75,0.709
3871,0.75,0.709
3872,0.75,0.709
3873,0.75,0.709
3874,0.75,0.709
3875,0.75,0.71
3876,0.65,0.7090000000000001
3877,0.75,0.7090000000000001
3878,0.75,0.7090000000000001
3879,0.75,0.7090000000000001
3880,0.75,0.7090000000000001
3881,0.75,0.7090000000000001
3882,0.75,0.7090000000000001
3883,0.55,0.7070000000000001
3884,0.75,0.7070000000000001
3885,0.75,0.7070000000000001
3886,0.75,0.7070000000000001
3887,0.75,0.7070000000000001
3888,0.75,0.7070000000000001
3889,0.75,0.7070000000000001
3890,0.35,0.7030000000000001
3891,0.75,0.7030000000000001
3892,0.75,0.7030000000000001
3893,0.75,0.705
3894,0.75,0.705
3895,0.75,0.705
3896,0.75,0.705
3897,0.34999999999999987,0.701
3898,0.65,0.7
3899,0.75,0.7
3900,0.75,0.7
3901,0.75,0.7
3902,0.75,0.7
3903,0.75,0.7
3904,0.55,0.698
3905,0.75,0.698
3906,0.75,0.698
3907,0.65,0.6969999999999998
3908,0.75,0.6969999999999998
3909,0.75,0.6969999999999998
3910,0.75,0.698
3911,0.75,0.698
3912,0.75,0.698
3913,0.75,0.698
3914,0.75,0.698
3915,0.75,0.698
3916,0.04999999999999971,0.6910000000000001
3917,0.75,0.6910000000000001
3918,0.75,0.6930000000000001
3919,0.75,0.6930000000000001
3920,0.75,0.6940000000000001
3921,0.65,0.693
3922,0.75,0.695
3923,0.75,0.695
3924,0.65,0.6940000000000001
3925,0.75,0.6940000000000001
3926,0.75,0.6940000000000001
3927,0.75,0.695
3928,0.75,0.6960000000000001
3929,0.75,0.6960000000000001
3930,0.75,0.6960000000000001
3931,0.75,0.6960000000000001
3932,0.75,0.6960000000000001
3933,0.75,0.6960000000000001
3934,0.45000000000000007,0.6930000000000001
3935,0.65,0.6920000000000001
3936,0.75,0.6920000000000001
3937,0.75,0.6920000000000001
3938,0.75,0.6920000000000001
3939,0.75,0.6920000000000001
3940,0.55,0.69
3941,0.75,0.691
3942,0.04999999999999971,0.6890000000000001
3943,0.75,0.7120000000000001
3944,0.75,0.7120000000000001
3945,0.75,0.7120000000000001
3946,0.75,0.7120000000000001
3947,0.75,0.7120000000000001
3948,0.65,0.711
3949,0.75,0.711
3950,0.75,0.711
3951,0.75,0.711
3952,0.65,0.71
3953,0.75,0.71
3954,0.75,0.71
3955,0.75,0.71
3956,0.55,0.708
3957,0.75,0.708
3958,0.75,0.708
3959,0.75,0.7090000000000001
3960,0.65,0.7080000000000001
3961,0.75,0.7080000000000001
3962,0.75,0.7080000000000001
3963,0.75,0.7080000000000001
3964,0.75,0.7080000000000001
3965,0.75,0.7080000000000001
3966,0.75,0.7080000000000001
3967,0.75,0.7080000000000001
3968,0.65,0.7070000000000001
3969,0.75,0.7070000000000001
3970,0.75,0.7070000000000001
3971,0.65,0.7060000000000001
3972,0.75,0.7060000000000001
3973,0.75,0.7060000000000001
3974,0.65,0.705
3975,0.75,0.705
3976,0.75,0.706
3977,0.45000000000000007,0.703
3978,0.75,0.703
3979,0.75,0.703
3980,0.75,0.703
3981,0.75,0.703
3982,0.75,0.703
3983,0.75,0.705
3984,0.75,0.705
3985,0.75,0.705
3986,0.75,0.705
3987,0.75,0.705
3988,0.75,0.705
3989,0.75,0.705
3990,0.75,0.709
3991,0.75,0.709
3992,0.65,0.708
3993,0.75,0.708
3994,0.75,0.708
3995,0.75,0.708
3996,0.75,0.708
3997,0.75,0.7120000000000001
3998,0.75,0.713
3999,0.75,0.713
