Episode,Episode Score,100-Ep Rolling Avg
0,-2.150000000000001,
1,-2.5000000000000013,
2,-2.800000000000001,
3,-2.450000000000001,
4,-1.7500000000000007,
5,-2.6500000000000004,
6,0.0,
7,-0.15000000000000002,
8,-0.3,
9,-2.000000000000001,
10,-0.2,
11,-0.8000000000000002,
12,-0.44999999999999996,
13,-1.7000000000000008,
14,-0.95,
15,-0.6000000000000002,
16,-0.39999999999999997,
17,-0.30000000000000004,
18,0.45000000000000007,
19,-0.5,
20,-0.7000000000000001,
21,-0.35,
22,-0.1,
23,-0.5499999999999999,
24,-0.2,
25,-0.2,
26,-0.2,
27,0.45000000000000007,
28,0.0,
29,0.0,
30,-0.05,
31,-0.6499999999999999,
32,0.45000000000000007,
33,-0.25,
34,0.0,
35,-0.05,
36,-0.1,
37,-0.25,
38,-0.25,
39,0.2500000000000001,
40,-0.35,
41,-0.1,
42,-0.6,
43,0.0,
44,0.75,
45,0.2500000000000001,
46,0.0,
47,-0.1,
48,0.65,
49,0.55,
50,0.65,
51,0.5499999999999999,
52,-0.15000000000000002,
53,-0.05,
54,0.0,
55,0.65,
56,0.75,
57,-0.05,
58,-0.05,
59,-0.05,
60,-0.15000000000000002,
61,0.050000000000000044,
62,0.0,
63,0.0,
64,0.75,
65,-0.15000000000000002,
66,0.35,
67,-0.5500000000000003,
68,-0.3,
69,-1.2500000000000009,
70,-0.25,
71,0.0,
72,-0.05,
73,-0.39999999999999997,
74,0.44999999999999996,
75,0.55,
76,-0.1,
77,0.6499999999999999,
78,0.65,
79,-0.05,
80,-0.050000000000000044,
81,-0.05,
82,-0.05,
83,-0.2,
84,0.0,
85,0.0,
86,0.0,
87,-0.3500000000000001,
88,0.0,
89,-0.15000000000000002,
90,-0.7,
91,-0.1,
92,-0.1,
93,-0.1,
94,0.0,
95,0.15000000000000002,
96,-0.05,
97,-0.9499999999999998,
98,0.0,
99,0.6499999999999999,-0.23500000000000007
100,0.75,-0.20600000000000004
101,0.35,-0.17750000000000007
102,0.75,-0.14200000000000004
103,0.0,-0.11750000000000003
104,0.0,-0.10000000000000002
105,0.55,-0.06800000000000002
106,-0.05,-0.06850000000000002
107,-0.05,-0.06750000000000003
108,-0.1,-0.06550000000000003
109,-3.0000000000000013,-0.07550000000000003
110,-0.3500000000000001,-0.07700000000000003
111,-0.05,-0.06950000000000003
112,-0.7500000000000007,-0.07250000000000004
113,-0.8999999999999999,-0.06450000000000003
114,-0.25,-0.05750000000000004
115,0.75,-0.04400000000000002
116,0.65,-0.03350000000000002
117,-0.05,-0.031000000000000024
118,0.75,-0.028000000000000025
119,0.0,-0.023000000000000024
120,0.55,-0.010500000000000025
121,0.75,0.0004999999999999749
122,0.0,0.0014999999999999749
123,-0.5499999999999999,0.0014999999999999747
124,-0.2,0.0014999999999999747
125,0.15000000000000002,0.004999999999999975
126,-0.15000000000000002,0.0054999999999999745
127,-0.15000000000000002,-0.000500000000000026
128,0.35,0.0029999999999999736
129,-0.2,0.0009999999999999738
130,-0.05,0.0009999999999999736
131,0.75,0.014999999999999973
132,0.0,0.010499999999999971
133,-0.2,0.01099999999999997
134,0.75,0.01849999999999997
135,0.55,0.02449999999999997
136,0.75,0.032999999999999974
137,-0.1,0.03449999999999997
138,-0.15000000000000002,0.03549999999999997
139,-0.44999999999999996,0.02849999999999997
140,0.65,0.03849999999999997
141,0.15000000000000013,0.04099999999999997
142,0.75,0.05449999999999997
143,0.55,0.05999999999999997
144,0.75,0.05999999999999996
145,-0.2,0.05549999999999997
146,-0.1,0.054499999999999965
147,-0.05,0.05499999999999997
148,-0.05,0.04799999999999997
149,0.6499999999999999,0.04899999999999997
150,-0.25,0.039999999999999966
151,0.75,0.04199999999999997
152,0.1499999999999999,0.04499999999999997
153,-0.05,0.04499999999999997
154,-0.2,0.04299999999999997
155,-0.2,0.03449999999999997
156,-0.1,0.02599999999999997
157,0.6499999999999999,0.03299999999999997
158,0.65,0.039999999999999966
159,0.0,0.04049999999999996
160,0.75,0.04949999999999997
161,0.0,0.04899999999999997
162,0.15000000000000002,0.05049999999999997
163,-0.5,0.04549999999999997
164,0.65,0.04449999999999996
165,0.75,0.053499999999999964
166,0.55,0.05549999999999997
167,-0.1,0.05999999999999997
168,0.75,0.07049999999999997
169,-0.05,0.08249999999999998
170,-0.15000000000000002,0.08349999999999998
171,-0.05,0.08299999999999998
172,-0.05,0.08299999999999999
173,0.15000000000000002,0.08849999999999998
174,-0.2,0.08199999999999998
175,0.55,0.08199999999999999
176,0.0,0.08299999999999999
177,-0.05,0.07599999999999998
178,-0.1,0.06849999999999999
179,0.0,0.06899999999999999
180,0.0,0.06949999999999998
181,0.0,0.06999999999999998
182,-0.1,0.06949999999999998
183,0.0,0.07149999999999998
184,-0.2,0.06949999999999998
185,-0.5,0.06449999999999997
186,-0.05,0.06399999999999997
187,0.35,0.07099999999999998
188,-0.2,0.06899999999999999
189,0.65,0.07699999999999999
190,0.25,0.08649999999999998
191,-0.05,0.087
192,0.0,0.088
193,0.65,0.09549999999999997
194,0.75,0.10299999999999997
195,-0.15000000000000002,0.09999999999999996
196,0.0,0.10049999999999998
197,0.75,0.11749999999999997
198,0.5499999999999999,0.12299999999999997
199,0.0,0.11649999999999999
200,0.0,0.10899999999999999
201,-0.8499999999999999,0.09699999999999998
202,-0.05,0.08899999999999997
203,-0.15000000000000002,0.08749999999999998
204,-0.1,0.08649999999999997
205,-0.3500000000000001,0.07749999999999999
206,-2.600000000000001,0.05199999999999998
207,0.0,0.05249999999999996
208,0.44999999999999996,0.05799999999999996
209,0.15000000000000013,0.08949999999999997
210,-0.2,0.091
211,-0.05,0.09099999999999998
212,-0.15000000000000002,0.09699999999999999
213,0.75,0.11349999999999998
214,0.25,0.11849999999999998
215,0.75,0.11849999999999998
216,-0.35,0.1085
217,0.65,0.11549999999999999
218,-0.05,0.10749999999999998
219,-0.25,0.10499999999999998
220,-0.15000000000000002,0.09799999999999999
221,0.55,0.096
222,0.65,0.1025
223,0.0,0.10799999999999998
224,-0.1,0.109
225,0.75,0.115
226,0.75,0.124
227,0.55,0.13099999999999998
228,0.75,0.13499999999999998
229,-0.15000000000000002,0.13549999999999998
230,0.25,0.13849999999999998
231,-0.1,0.12999999999999998
232,-0.3,0.127
233,0.75,0.1365
234,0.25,0.1315
235,-0.05,0.1255
236,-0.05,0.11749999999999998
237,-0.1,0.11749999999999998
238,-0.7499999999999999,0.11149999999999999
239,-0.9999999999999999,0.10599999999999998
240,0.0,0.09949999999999999
241,0.45000000000000007,0.1025
242,0.44999999999999996,0.09949999999999999
243,-0.05,0.0935
244,0.55,0.09149999999999998
245,-0.3500000000000001,0.09
246,-0.7999999999999999,0.08299999999999999
247,-0.1,0.08249999999999998
248,-0.05,0.0825
249,0.050000000000000044,0.07649999999999998
250,-0.2,0.07699999999999999
251,-0.1,0.06849999999999999
252,-0.15000000000000002,0.06549999999999999
253,0.75,0.07349999999999998
254,0.0,0.07549999999999998
255,-0.45000000000000007,0.073
256,0.5499999999999999,0.07949999999999999
257,0.75,0.08049999999999999
258,-0.05,0.07349999999999998
259,-0.1,0.0725
260,0.45000000000000007,0.06949999999999999
261,0.75,0.077
262,-1.0999999999999999,0.06449999999999999
263,-0.5499999999999999,0.06399999999999999
264,-0.05,0.056999999999999995
265,0.75,0.056999999999999995
266,0.75,0.059
267,-0.1,0.059
268,-0.1,0.05049999999999999
269,-0.4500000000000002,0.046499999999999986
270,-0.1,0.04699999999999999
271,-0.05,0.04699999999999999
272,-3.0500000000000016,0.01699999999999997
273,-0.05,0.014999999999999972
274,-0.1,0.015999999999999973
275,0.0,0.010499999999999971
276,-0.05,0.00999999999999997
277,-0.05,0.00999999999999997
278,-0.05,0.010499999999999971
279,0.25,0.012999999999999972
280,-0.1,0.01199999999999997
281,0.6499999999999999,0.01849999999999997
282,0.0,0.019499999999999972
283,-0.25,0.01699999999999997
284,0.0,0.018999999999999972
285,-0.05,0.02349999999999997
286,-0.15000000000000013,0.022499999999999968
287,0.0,0.018999999999999972
288,-0.2,0.01899999999999997
289,-0.25,0.00999999999999997
290,-0.05,0.00699999999999997
291,0.75,0.014999999999999968
292,-0.15000000000000002,0.01349999999999997
293,0.75,0.014499999999999971
294,-0.15000000000000002,0.005499999999999969
295,0.75,0.014499999999999971
296,0.44999999999999996,0.01899999999999997
297,-1.0500000000000007,0.000999999999999961
298,0.65,0.001999999999999962
299,0.75,0.009499999999999962
300,-0.05,0.008999999999999961
301,-0.05,0.01699999999999996
302,-0.7999999999999999,0.009499999999999962
303,0.75,0.01849999999999996
304,0.75,0.02699999999999996
305,-0.15000000000000002,0.028999999999999963
306,0.0,0.05499999999999997
307,0.65,0.06149999999999997
308,0.65,0.06349999999999997
309,-0.05,0.06149999999999998
310,-0.05,0.06299999999999997
311,0.0,0.06349999999999997
312,-0.05,0.06449999999999997
313,-0.1,0.055999999999999966
314,-0.1,0.05249999999999997
315,-0.2,0.04299999999999997
316,-0.1,0.045499999999999964
317,-0.5500000000000003,0.03349999999999997
318,0.75,0.04149999999999997
319,-0.1,0.04299999999999997
320,0.75,0.05199999999999998
321,-0.15000000000000002,0.044999999999999964
322,-0.1,0.03749999999999997
323,0.75,0.04499999999999997
324,0.3500000000000001,0.04949999999999997
325,-0.05,0.04149999999999997
326,-0.1,0.03299999999999997
327,-0.05,0.026999999999999972
328,-0.1,0.01849999999999997
329,0.75,0.02749999999999997
330,-0.05,0.024499999999999966
331,0.65,0.031999999999999966
332,0.25,0.037499999999999964
333,-0.1499999999999999,0.02849999999999997
334,-0.05,0.025499999999999967
335,-0.5500000000000003,0.020499999999999966
336,-0.1,0.019999999999999966
337,0.44999999999999996,0.025499999999999967
338,0.75,0.04049999999999996
339,-0.2,0.04849999999999997
340,0.75,0.05599999999999996
341,-0.7499999999999999,0.04399999999999997
342,0.35,0.04299999999999996
343,0.6499999999999999,0.04999999999999996
344,-0.15000000000000002,0.04299999999999996
345,0.75,0.053999999999999965
346,-0.15000000000000002,0.060499999999999964
347,-0.1,0.060499999999999964
348,-0.05,0.060499999999999964
349,-0.2,0.05799999999999996
350,0.0,0.05999999999999996
351,0.75,0.06849999999999996
352,0.0,0.06999999999999997
353,0.0,0.062499999999999965
354,0.55,0.06799999999999996
355,0.0,0.07249999999999997
356,0.0,0.06699999999999996
357,-0.35,0.055999999999999966
358,-0.050000000000000044,0.05599999999999996
359,-0.1,0.05599999999999996
360,-0.2,0.04949999999999997
361,-0.15000000000000002,0.040499999999999974
362,-0.15000000000000002,0.04999999999999996
363,-0.2,0.053499999999999964
364,-0.05,0.053499999999999964
365,0.75,0.053499999999999964
366,-0.05,0.045499999999999964
367,-0.1,0.045499999999999964
368,-0.25,0.043999999999999956
369,0.0,0.04849999999999996
370,0.65,0.055999999999999966
371,0.35,0.05999999999999996
372,-0.05,0.08999999999999998
373,-0.1,0.08949999999999997
374,0.0,0.09049999999999997
375,0.0,0.09049999999999997
376,-0.2,0.08899999999999998
377,-0.1,0.0885
378,-0.2,0.08699999999999998
379,-0.15000000000000002,0.08299999999999998
380,0.75,0.09149999999999998
381,-0.15000000000000002,0.08349999999999999
382,-0.15000000000000002,0.08199999999999999
383,-0.05,0.08399999999999999
384,-0.05,0.08349999999999999
385,-0.15000000000000002,0.08249999999999998
386,0.0,0.08399999999999999
387,0.75,0.09149999999999998
388,0.0,0.09349999999999997
389,-0.05,0.09549999999999997
390,0.55,0.10149999999999998
391,-0.7500000000000004,0.08649999999999998
392,-0.1,0.08699999999999998
393,-0.05,0.07899999999999999
394,-0.05,0.07999999999999999
395,-0.25,0.06999999999999998
396,0.0,0.06549999999999997
397,0.0,0.07599999999999998
398,0.75,0.077
399,0.75,0.077
400,-0.1,0.07649999999999998
401,-0.05,0.07649999999999998
402,0.45000000000000007,0.08899999999999998
403,-0.1,0.08049999999999999
404,0.0,0.07299999999999998
405,-0.05,0.07399999999999998
406,-0.7,0.06699999999999999
407,0.0,0.06049999999999998
408,0.55,0.05949999999999999
409,-0.4,0.05599999999999999
410,0.65,0.06299999999999999
411,0.25,0.06549999999999999
412,0.6499999999999999,0.07249999999999998
413,0.15000000000000002,0.075
414,-0.05,0.07549999999999998
415,0.75,0.08499999999999998
416,-0.30000000000000004,0.08299999999999999
417,0.0,0.0885
418,0.55,0.08649999999999998
419,-0.2,0.08549999999999999
420,0.65,0.08449999999999999
421,0.75,0.0935
422,0.0,0.09449999999999999
423,0.0,0.087
424,-0.1,0.08249999999999998
425,-0.25,0.08049999999999997
426,-0.8500000000000005,0.073
427,-0.39999999999999997,0.06949999999999998
428,-0.7500000000000004,0.06299999999999999
429,0.75,0.06299999999999999
430,-0.15000000000000002,0.06199999999999997
431,0.75,0.06299999999999999
432,0.0,0.06049999999999998
433,0.0,0.06199999999999997
434,-0.15000000000000002,0.06099999999999998
435,-0.2,0.06449999999999999
436,-0.15000000000000002,0.06399999999999997
437,-0.1,0.058499999999999976
438,-0.2,0.048999999999999974
439,0.75,0.058499999999999976
440,-0.1,0.049999999999999975
441,0.75,0.06499999999999999
442,0.0,0.061499999999999985
443,0.0,0.05499999999999998
444,-0.15000000000000002,0.05499999999999998
445,-0.05,0.046999999999999986
446,-0.1,0.04749999999999997
447,-0.05,0.04799999999999998
448,0.0,0.04849999999999998
449,-0.2,0.04849999999999998
450,-0.05,0.04799999999999998
451,-0.04999999999999982,0.03999999999999998
452,-0.2,0.03799999999999998
453,-0.15000000000000002,0.036499999999999984
454,-0.1,0.029999999999999978
455,0.0,0.02999999999999998
456,0.0,0.02999999999999998
457,0.75,0.04099999999999998
458,-0.4500000000000002,0.03699999999999998
459,-0.2,0.03599999999999998
460,-0.15000000000000002,0.036499999999999984
461,0.0,0.03799999999999998
462,-0.15000000000000002,0.03799999999999998
463,-0.15000000000000002,0.03849999999999998
464,-0.05,0.038499999999999986
465,-0.2,0.02899999999999998
466,-0.05,0.02899999999999998
467,0.75,0.037499999999999985
468,0.15000000000000002,0.04149999999999999
469,0.75,0.04899999999999999
470,-0.05,0.041999999999999975
471,0.0,0.038499999999999986
472,-0.15000000000000002,0.03749999999999998
473,-0.4,0.03449999999999998
474,-0.1,0.03349999999999998
475,0.75,0.04099999999999998
476,0.0,0.04299999999999998
477,0.45000000000000007,0.04849999999999998
478,0.75,0.05799999999999998
479,-0.15000000000000002,0.05799999999999998
480,0.75,0.05799999999999998
481,-0.15000000000000002,0.05799999999999998
482,-0.2,0.05749999999999998
483,-0.15000000000000002,0.056499999999999974
484,0.0,0.056999999999999974
485,-0.05,0.05799999999999998
486,0.55,0.06349999999999997
487,0.45000000000000007,0.06049999999999998
488,-0.04999999999999982,0.059999999999999984
489,0.75,0.06799999999999998
490,-0.15000000000000002,0.060999999999999985
491,-3.0000000000000013,0.03849999999999998
492,0.2500000000000001,0.041999999999999975
493,0.45000000000000007,0.04699999999999997
494,-0.2,0.04549999999999997
495,-0.15000000000000002,0.04649999999999998
496,-0.2,0.04449999999999998
497,0.0,0.04449999999999998
498,-0.1,0.035999999999999976
499,-0.050000000000000044,0.027999999999999976
500,-0.15000000000000002,0.027499999999999972
501,-0.2,0.025999999999999975
502,0.0,0.021499999999999974
503,0.0,0.022499999999999975
504,0.75,0.029999999999999975
505,-0.05,0.029999999999999975
506,-0.05,0.03649999999999997
507,-0.15000000000000002,0.034999999999999976
508,0.3500000000000001,0.032999999999999974
509,0.55,0.042499999999999975
510,0.0,0.035999999999999976
511,-0.05,0.032999999999999974
512,-0.5,0.021499999999999974
513,0.0,0.019999999999999976
514,-0.2500000000000002,0.017999999999999974
515,-0.15000000000000002,0.008999999999999973
516,0.75,0.019499999999999972
517,-0.05,0.018999999999999972
518,0.0,0.013499999999999972
519,0.75,0.022999999999999972
520,0.25,0.018999999999999972
521,0.55,0.016999999999999973
522,-0.1,0.015999999999999973
523,-0.1,0.014999999999999973
524,0.0,0.015999999999999973
525,-0.2,0.016499999999999973
526,-0.49999999999999994,0.01999999999999998
527,-0.1,0.022999999999999975
528,0.55,0.035999999999999976
529,0.0,0.02849999999999998
530,-0.05,0.029499999999999985
531,0.050000000000000044,0.022499999999999985
532,0.0,0.022499999999999985
533,0.75,0.02999999999999998
534,-0.050000000000000044,0.030999999999999982
535,0.0,0.03299999999999999
536,0.0,0.03449999999999998
537,0.65,0.04199999999999998
538,0.5499999999999999,0.04949999999999998
539,0.75,0.04949999999999998
540,-0.05,0.04999999999999998
541,-0.15000000000000002,0.04099999999999998
542,-0.1,0.03999999999999998
543,-0.05,0.039499999999999987
544,-0.2,0.038999999999999986
545,0.55,0.044999999999999984
546,-0.15000000000000002,0.044499999999999984
547,0.75,0.052499999999999984
548,-0.05,0.05199999999999998
549,-0.05,0.05349999999999998
550,0.65,0.06049999999999998
551,0.75,0.06849999999999998
552,0.75,0.07799999999999999
553,0.65,0.08599999999999998
554,-0.1,0.08599999999999998
555,0.44999999999999996,0.09049999999999997
556,-0.15000000000000002,0.08899999999999998
557,0.0,0.08149999999999999
558,-0.25,0.08349999999999999
559,-0.2,0.08349999999999998
560,-0.1,0.08399999999999999
561,-0.1,0.08299999999999999
562,0.55,0.08999999999999998
563,-0.1,0.09049999999999997
564,0.6499999999999999,0.09749999999999998
565,-0.15000000000000002,0.09799999999999998
566,-0.5,0.09349999999999997
567,0.75,0.09349999999999997
568,0.0,0.09199999999999997
569,0.0,0.08449999999999998
570,0.55,0.09049999999999998
571,0.65,0.09699999999999999
572,-0.1,0.09749999999999998
573,-0.05,0.10099999999999998
574,0.75,0.10949999999999999
575,-0.1499999999999999,0.10049999999999999
576,-0.15000000000000002,0.09899999999999999
577,0.44999999999999996,0.09899999999999999
578,-0.1,0.09049999999999997
579,-0.05,0.09149999999999998
580,-0.05,0.08349999999999998
581,-0.05,0.08449999999999999
582,-0.2,0.08449999999999998
583,-0.25,0.08349999999999998
584,0.0,0.08349999999999998
585,-0.1,0.08299999999999999
586,-0.3500000000000001,0.07399999999999998
587,0.0,0.06949999999999998
588,-0.15000000000000002,0.06849999999999998
589,-0.05,0.06049999999999998
590,0.25,0.06449999999999999
591,-0.2,0.09249999999999999
592,0.0,0.08999999999999998
593,-0.1,0.08449999999999999
594,0.75,0.09399999999999999
595,-0.05,0.095
596,-0.05,0.09649999999999999
597,-0.05,0.09599999999999997
598,0.75,0.1045
599,0.55,0.11049999999999999
600,0.0,0.11199999999999999
601,0.0,0.11399999999999999
602,-0.4,0.10999999999999999
603,0.75,0.11749999999999998
604,0.0,0.10999999999999999
605,0.65,0.11699999999999999
606,0.65,0.124
607,0.55,0.13099999999999998
608,0.75,0.135
609,-0.05,0.129
610,0.75,0.1365
611,0.6499999999999999,0.1435
612,-0.1,0.1475
613,0.6499999999999999,0.154
614,0.75,0.16399999999999998
615,0.75,0.17300000000000001
616,-0.05,0.165
617,-0.05,0.16499999999999995
618,-0.25,0.16249999999999998
619,0.55,0.1605
620,0.75,0.1655
621,-0.1,0.15899999999999997
622,-0.6,0.154
623,0.65,0.16150000000000003
624,-0.15000000000000002,0.16
625,-0.15000000000000002,0.1605
626,0.0,0.1655
627,0.0,0.1665
628,0.15000000000000002,0.1625
629,-0.2,0.1605
630,-0.05,0.1605
631,0.0,0.15999999999999998
632,0.65,0.16649999999999998
633,0.75,0.16649999999999998
634,0.0,0.16699999999999998
635,-0.3,0.16399999999999998
636,-0.05,0.16349999999999998
637,0.55,0.1625
638,-0.1,0.156
639,-0.1,0.1475
640,-0.15000000000000002,0.1465
641,0.65,0.1545
642,0.25,0.158
643,0.65,0.165
644,-0.25,0.16449999999999998
645,0.0,0.159
646,-0.1,0.1595
647,0.0,0.15200000000000002
648,-0.05,0.152
649,0.65,0.159
650,0.35,0.156
651,-0.05,0.14800000000000002
652,-0.05,0.14
653,0.55,0.139
654,0.75,0.1475
655,-0.9499999999999998,0.1335
656,-0.2,0.133
657,0.75,0.1405
658,-0.05,0.1425
659,-0.1,0.1435
660,0.75,0.152
661,0.25,0.1555
662,-0.05,0.1495
663,-0.05,0.15
664,0.0,0.1435
665,0.65,0.1515
666,0.0,0.1565
667,0.0,0.149
668,0.65,0.1555
669,0.0,0.1555
670,-0.1,0.149
671,-0.1,0.14150000000000001
672,-1.2,0.1305
673,-0.15000000000000002,0.1295
674,0.55,0.12750000000000003
675,0.65,0.13549999999999998
676,0.0,0.13699999999999998
677,-0.1,0.1315
678,-0.15000000000000002,0.131
679,0.75,0.139
680,0.75,0.147
681,0.0,0.1475
682,0.25,0.152
683,-0.25,0.152
684,0.0,0.152
685,-0.2,0.151
686,0.75,0.16200000000000003
687,0.55,0.1675
688,0.55,0.1745
689,-0.05,0.1745
690,0.55,0.1775
691,0.44999999999999996,0.184
692,0.65,0.1905
693,-0.1,0.1905
694,-0.2,0.18100000000000002
695,0.0,0.18150000000000002
696,-0.15000000000000002,0.1805
697,0.0,0.18100000000000002
698,-0.1,0.1725
699,0.75,0.1745
700,0.75,0.182
701,0.75,0.1895
702,0.65,0.2
703,0.75,0.2
704,0.55,0.20550000000000002
705,0.75,0.2065
706,0.75,0.2075
707,-0.05,0.20149999999999998
708,0.0,0.19399999999999998
709,-0.15000000000000002,0.193
710,0.6499999999999999,0.192
711,0.6499999999999999,0.19200000000000003
712,0.0,0.193
713,-0.1,0.1855
714,-0.15000000000000002,0.17650000000000002
715,-0.1,0.168
716,0.0,0.1685
717,0.5499999999999999,0.1745
718,0.75,0.1845
719,-0.05,0.17850000000000002
720,0.0,0.171
721,-0.1,0.17099999999999999
722,0.0,0.177
723,0.44999999999999996,0.175
724,0.75,0.18400000000000002
725,-0.05,0.185
726,0.6499999999999999,0.19149999999999998
727,-0.05,0.19099999999999998
728,-0.1,0.1885
729,-0.05,0.19
730,-0.05,0.19
731,0.15000000000000002,0.19150000000000003
732,0.2499999999999999,0.1875
733,0.75,0.1875
734,0.15000000000000002,0.18899999999999997
735,0.75,0.19949999999999998
736,-0.2,0.198
737,0.75,0.2
738,0.75,0.20850000000000002
739,-0.05,0.209
740,-0.15000000000000002,0.20900000000000002
741,0.25,0.205
742,0.75,0.21
743,0.75,0.21100000000000002
744,0.0,0.21350000000000002
745,0.75,0.221
746,0.25,0.22450000000000003
747,0.75,0.23200000000000004
748,0.44999999999999996,0.237
749,-0.1,0.22949999999999998
750,-0.6500000000000004,0.2195
751,-0.3,0.217
752,0.75,0.225
753,-0.35,0.21599999999999997
754,-0.15000000000000002,0.207
755,-0.15000000000000002,0.215
756,-0.30000000000000004,0.21400000000000002
757,-0.15000000000000002,0.20499999999999996
758,0.75,0.21299999999999997
759,0.75,0.22149999999999997
760,0.6499999999999999,0.2205
761,0.75,0.2255
762,0.75,0.2335
763,0.44999999999999996,0.23850000000000002
764,0.0,0.23850000000000002
765,-0.1,0.23099999999999998
766,0.75,0.2385
767,0.75,0.24599999999999997
768,0.65,0.24600000000000002
769,0.0,0.24600000000000002
770,-0.15000000000000002,0.24549999999999997
771,0.75,0.254
772,0.65,0.2725
773,0.0,0.27399999999999997
774,0.75,0.276
775,-0.15000000000000002,0.26799999999999996
776,-0.05,0.26749999999999996
777,0.75,0.27599999999999997
778,0.0,0.27749999999999997
779,0.0,0.26999999999999996
780,0.5499999999999999,0.26799999999999996
781,0.75,0.27549999999999997
782,-0.2,0.27099999999999996
783,-0.1,0.27249999999999996
784,0.75,0.27999999999999997
785,-0.5499999999999999,0.27649999999999997
786,0.0,0.26899999999999996
787,0.75,0.271
788,0.0,0.2655
789,0.65,0.2725
790,0.0,0.267
791,-0.15000000000000002,0.261
792,0.75,0.262
793,0.55,0.26849999999999996
794,0.75,0.27799999999999997
795,-0.1,0.27699999999999997
796,-0.05,0.27799999999999997
797,-0.15000000000000002,0.27649999999999997
798,-0.05,0.27699999999999997
799,0.75,0.27699999999999997
800,-0.05,0.26899999999999996
801,-0.15000000000000002,0.26
802,0.75,0.261
803,0.15000000000000002,0.255
804,0.75,0.257
805,-2.900000000000001,0.22049999999999997
806,0.75,0.22049999999999997
807,0.0,0.22099999999999997
808,0.0,0.22099999999999997
809,-0.25,0.21999999999999997
810,0.6499999999999999,0.22
811,0.75,0.22099999999999997
812,-0.2500000000000002,0.21849999999999997
813,-0.05,0.21899999999999997
814,-0.1,0.21949999999999995
815,0.65,0.22699999999999998
816,0.0,0.22699999999999998
817,-0.4,0.21749999999999997
818,-0.15000000000000002,0.2085
819,0.75,0.2165
820,-0.1,0.21549999999999997
821,0.75,0.22399999999999995
822,0.55,0.22949999999999995
823,0.65,0.23149999999999998
824,0.65,0.23049999999999998
825,-0.2,0.22899999999999998
826,0.65,0.22899999999999998
827,0.0,0.22949999999999998
828,-0.1,0.22949999999999998
829,0.55,0.23549999999999996
830,-0.2,0.23399999999999999
831,0.75,0.23999999999999996
832,0.0,0.23749999999999996
833,0.0,0.22999999999999995
834,-0.3,0.22549999999999998
835,-0.05,0.2175
836,-0.15000000000000002,0.21799999999999997
837,0.75,0.21799999999999997
838,0.75,0.21799999999999997
839,0.75,0.22599999999999998
840,0.55,0.23299999999999998
841,0.75,0.23799999999999996
842,0.45000000000000007,0.23499999999999996
843,0.65,0.23399999999999999
844,0.55,0.23949999999999996
845,-0.05,0.23149999999999998
846,0.75,0.2365
847,-0.25,0.22649999999999998
848,0.75,0.22949999999999998
849,0.75,0.23800000000000002
850,0.75,0.252
851,0.75,0.2625
852,0.75,0.2625
853,0.75,0.2735
854,0.65,0.2815
855,0.44999999999999996,0.2875
856,0.75,0.298
857,0.65,0.306
858,-0.8999999999999999,0.2895
859,0.0,0.282
860,-0.04999999999999982,0.27499999999999997
861,0.55,0.27299999999999996
862,0.75,0.27299999999999996
863,0.75,0.27599999999999997
864,0.75,0.2835
865,0.75,0.292
866,-0.15000000000000002,0.28300000000000003
867,-0.1,0.27449999999999997
868,-0.1,0.267
869,0.75,0.27449999999999997
870,-0.1,0.275
871,0.0,0.2675
872,-0.15000000000000002,0.2595
873,0.0,0.2595
874,0.0,0.252
875,-0.1,0.2525
876,0.75,0.26049999999999995
877,0.0,0.25299999999999995
878,-0.15000000000000002,0.2515
879,-0.1,0.25049999999999994
880,0.0,0.245
881,0.75,0.245
882,-0.2,0.245
883,0.75,0.2535
884,-0.2,0.24400000000000002
885,0.75,0.257
886,-0.1,0.256
887,0.6499999999999999,0.25499999999999995
888,0.35,0.25849999999999995
889,-0.1,0.251
890,-0.2,0.249
891,-0.2,0.24849999999999997
892,0.35,0.2445
893,0.0,0.239
894,0.75,0.239
895,0.65,0.2465
896,0.75,0.2545
897,-0.6,0.24999999999999997
898,0.0,0.25049999999999994
899,-0.1,0.242
900,0.75,0.25
901,0.0,0.2515
902,0.55,0.2495
903,-0.1,0.247
904,0.75,0.247
905,-0.15000000000000002,0.2745
906,-0.05,0.2665
907,0.0,0.26649999999999996
908,0.6499999999999999,0.27299999999999996
909,0.75,0.283
910,-0.05,0.27599999999999997
911,-0.04999999999999982,0.268
912,0.0,0.2705
913,0.75,0.2785
914,0.75,0.28700000000000003
915,-0.1,0.27949999999999997
916,0.65,0.286
917,0.2500000000000001,0.2925
918,0.6499999999999999,0.3005
919,-0.2,0.29100000000000004
920,0.75,0.29950000000000004
921,0.55,0.2975
922,-0.15000000000000002,0.2905
923,0.75,0.2915
924,0.0,0.285
925,0.75,0.2945
926,0.75,0.2955
927,0.75,0.303
928,0.0,0.304
929,-0.05,0.298
930,0.0,0.3
931,0.75,0.3
932,-0.1,0.29900000000000004
933,-0.2,0.297
934,0.35,0.3035
935,0.75,0.3115
936,0.75,0.32049999999999995
937,-0.05,0.3125
938,-0.15000000000000002,0.3035
939,-0.05,0.2955
940,-0.05,0.2895
941,0.75,0.2895
942,0.75,0.2925
943,0.3500000000000001,0.2895
944,0.15000000000000002,0.2855
945,0.0,0.286
946,-0.05,0.27799999999999997
947,0.65,0.287
948,-0.25,0.27699999999999997
949,0.75,0.27699999999999997
950,-0.7500000000000004,0.262
951,0.65,0.26099999999999995
952,-0.1,0.25249999999999995
953,-0.05,0.2445
954,0.45000000000000007,0.2425
955,-0.25,0.23550000000000001
956,0.55,0.2335
957,-0.05,0.22649999999999998
958,0.75,0.243
959,-0.1,0.242
960,0.44999999999999996,0.24699999999999997
961,0.75,0.249
962,0.75,0.249
963,0.75,0.249
964,0.0,0.2415
965,0.65,0.24050000000000002
966,0.75,0.2495
967,0.75,0.258
968,-0.2,0.257
969,0.75,0.257
970,-0.1,0.257
971,0.0,0.257
972,0.65,0.265
973,-0.05,0.2645
974,0.65,0.27099999999999996
975,0.65,0.2785
976,-0.4500000000000002,0.26649999999999996
977,0.75,0.27399999999999997
978,0.0,0.27549999999999997
979,0.0,0.27649999999999997
980,-0.05,0.27599999999999997
981,0.0,0.26849999999999996
982,0.55,0.27599999999999997
983,-0.1,0.2675
984,-0.15000000000000002,0.26799999999999996
985,0.75,0.26799999999999996
986,0.55,0.27449999999999997
987,0.55,0.27349999999999997
988,0.75,0.2775
989,0.45000000000000007,0.283
990,0.75,0.2925
991,0.75,0.302
992,0.75,0.306
993,-3.0500000000000016,0.27549999999999997
994,0.75,0.27549999999999997
995,-0.05,0.26849999999999996
996,-0.25,0.25849999999999995
997,0.75,0.27199999999999996
998,0.75,0.27949999999999997
999,-0.05,0.27999999999999997
1000,0.75,0.27999999999999997
1001,-0.3,0.27699999999999997
1002,-0.15000000000000002,0.26999999999999996
1003,0.75,0.27849999999999997
1004,0.75,0.27849999999999997
1005,-0.15000000000000002,0.27849999999999997
1006,-0.05,0.27849999999999997
1007,0.75,0.286
1008,0.75,0.287
1009,0.0,0.27949999999999997
1010,0.75,0.2875
1011,-0.2,0.286
1012,0.75,0.2935
1013,0.75,0.2935
1014,0.0,0.286
1015,0.65,0.2935
1016,0.75,0.2945
1017,-0.2,0.29
1018,-0.15000000000000013,0.282
1019,-0.7999999999999999,0.27599999999999997
1020,-0.2,0.26649999999999996
1021,0.75,0.26849999999999996
1022,0.75,0.27749999999999997
1023,0.75,0.27749999999999997
1024,-0.15000000000000002,0.27599999999999997
1025,0.65,0.27499999999999997
1026,0.75,0.27499999999999997
1027,0.75,0.27499999999999997
1028,0.65,0.2815
1029,0.75,0.2895
1030,-0.1,0.2885
1031,-0.1,0.28
1032,-0.2,0.27899999999999997
1033,0.75,0.2884999999999999
1034,0.75,0.2925
1035,-0.05,0.2845
1036,-0.1,0.27599999999999997
1037,0.25,0.27899999999999997
1038,0.75,0.288
1039,0.75,0.296
1040,0.0,0.2965
1041,0.75,0.2965
1042,0.75,0.2965
1043,-0.05,0.2925
1044,-0.1,0.29
1045,-0.7500000000000004,0.2825
1046,-0.05,0.2825
1047,0.75,0.2835
1048,-0.05,0.2855
1049,0.75,0.2855
1050,0.75,0.3005
1051,-0.1,0.293
1052,0.0,0.29399999999999993
1053,0.75,0.30199999999999994
1054,-0.15000000000000002,0.296
1055,-0.15000000000000002,0.29699999999999993
1056,0.75,0.29899999999999993
1057,-0.05,0.299
1058,-0.15000000000000002,0.29
1059,-0.25,0.2885
1060,-0.1,0.283
1061,0.75,0.283
1062,0.75,0.283
1063,0.75,0.283
1064,-0.1,0.282
1065,0.75,0.283
1066,0.65,0.282
1067,0.55,0.27999999999999997
1068,0.050000000000000044,0.2825
1069,0.55,0.28049999999999997
1070,-0.15000000000000002,0.28
1071,-0.1499999999999999,0.27849999999999997
1072,0.75,0.27949999999999997
1073,0.75,0.2875
1074,0.75,0.2885
1075,-0.05,0.2815
1076,0.75,0.2935
1077,-0.25,0.2835
1078,-0.05,0.28300000000000003
1079,0.75,0.2905
1080,-0.05,0.2905
1081,-0.05,0.29
1082,-0.15000000000000002,0.283
1083,0.45000000000000007,0.2885
1084,0.75,0.2975
1085,0.75,0.2975
1086,-0.1,0.291
1087,0.0,0.2855
1088,0.75,0.2855
1089,0.75,0.2885
1090,0.75,0.2885
1091,0.75,0.2885
1092,0.65,0.2875
1093,-0.2,0.316
1094,0.0,0.3085
1095,0.75,0.3165
1096,0.75,0.3265
1097,-0.3,0.316
1098,0.75,0.316
1099,0.75,0.324
1100,0.75,0.324
1101,0.75,0.33449999999999996
1102,-0.05,0.33549999999999996
1103,0.75,0.33549999999999996
1104,0.75,0.33549999999999996
1105,0.75,0.34450000000000003
1106,0.75,0.3525
1107,0.75,0.3525
1108,-0.1,0.344
1109,0.6499999999999999,0.3505
1110,0.75,0.3505
1111,0.75,0.36
1112,-0.1,0.3515
1113,0.75,0.3515
1114,0.75,0.359
1115,0.15000000000000002,0.354
1116,-3.0000000000000013,0.31649999999999995
1117,-0.05,0.31799999999999995
1118,-0.05,0.31899999999999995
1119,-0.1,0.32599999999999996
1120,-0.05,0.3275
1121,0.25,0.32249999999999995
1122,0.75,0.32249999999999995
1123,0.75,0.32249999999999995
1124,0.75,0.3314999999999999
1125,0.75,0.3324999999999999
1126,0.75,0.3324999999999999
1127,0.75,0.3324999999999999
1128,0.65,0.3325
1129,0.75,0.3325
1130,0.75,0.341
1131,-0.05,0.34149999999999997
1132,-0.2,0.34149999999999997
1133,0.75,0.34149999999999997
1134,-0.1,0.33299999999999996
1135,0.75,0.341
1136,0.75,0.3495
1137,0.75,0.3545
1138,-0.05,0.3464999999999999
1139,0.75,0.3464999999999999
1140,0.75,0.3539999999999999
1141,0.75,0.3539999999999999
1142,0.75,0.3539999999999999
1143,0.75,0.36199999999999993
1144,0.75,0.3705
1145,-0.2,0.376
1146,0.75,0.384
1147,0.75,0.384
1148,-0.1,0.38349999999999995
1149,0.75,0.38349999999999995
1150,-0.1,0.37499999999999994
1151,0.75,0.38349999999999995
1152,0.0,0.38349999999999995
1153,0.75,0.38349999999999995
1154,0.75,0.3925
1155,0.75,0.40149999999999997
1156,0.75,0.40149999999999997
1157,0.75,0.4095
1158,0.75,0.4184999999999999
1159,-0.05,0.4205
1160,-0.15000000000000002,0.42
1161,0.75,0.42
1162,0.75,0.42
1163,-0.05,0.412
1164,0.75,0.4205
1165,0.75,0.4205
1166,0.6499999999999999,0.4205
1167,0.75,0.42249999999999993
1168,0.75,0.42949999999999994
1169,0.75,0.43149999999999994
1170,0.0,0.433
1171,0.0,0.43449999999999994
1172,0.75,0.43449999999999994
1173,0.6499999999999999,0.4335
1174,0.55,0.4315
1175,0.75,0.43949999999999995
1176,-0.1,0.43099999999999994
1177,0.0,0.43349999999999994
1178,0.75,0.4415
1179,-0.2,0.43200000000000005
1180,0.75,0.44
1181,0.0,0.44049999999999995
1182,0.75,0.4495
1183,0.75,0.4525
1184,0.75,0.4525
1185,0.75,0.4525
1186,-0.05,0.45299999999999996
1187,0.75,0.46049999999999996
1188,-0.1,0.45199999999999996
1189,0.75,0.45199999999999996
1190,0.75,0.45199999999999996
1191,0.75,0.45199999999999996
1192,0.75,0.45299999999999996
1193,0.75,0.4624999999999999
1194,0.75,0.4699999999999999
1195,0.75,0.4699999999999999
1196,0.0,0.4624999999999999
1197,0.75,0.473
1198,0.75,0.473
1199,0.0,0.46549999999999997
1200,0.75,0.46549999999999997
1201,0.75,0.46549999999999997
1202,0.75,0.4734999999999999
1203,-0.2,0.46399999999999997
1204,0.75,0.46399999999999997
1205,0.75,0.46399999999999997
1206,-0.1499999999999999,0.455
1207,0.75,0.455
1208,0.75,0.4635
1209,0.75,0.4645
1210,-0.05,0.45649999999999996
1211,-0.05,0.4485
1212,0.75,0.457
1213,-0.1,0.4485
1214,0.75,0.44849999999999995
1215,0.75,0.45449999999999996
1216,0.75,0.49200000000000005
1217,-0.05,0.49200000000000005
1218,0.75,0.5
1219,0.75,0.5085000000000001
1220,0.75,0.5165000000000001
1221,0.75,0.5215000000000001
1222,0.5499999999999999,0.5195000000000001
1223,-0.15000000000000002,0.5105000000000001
1224,-0.1,0.502
1225,0.75,0.502
1226,-0.2,0.4925
1227,0.65,0.49150000000000005
1228,0.75,0.4925
1229,0.65,0.4915
1230,-0.05,0.48349999999999993
1231,-0.2,0.48200000000000004
1232,0.75,0.4915
1233,-0.44999999999999996,0.4795
1234,-0.05,0.48
1235,0.55,0.478
1236,-0.05,0.47
1237,0.65,0.469
1238,-0.05,0.469
1239,-0.2,0.4595
1240,-0.15000000000000002,0.45050000000000007
1241,0.65,0.44949999999999996
1242,0.75,0.4495
1243,-0.1,0.441
1244,0.75,0.44099999999999995
1245,0.75,0.45049999999999996
1246,0.75,0.45049999999999996
1247,0.75,0.45049999999999996
1248,-0.7499999999999999,0.444
1249,0.55,0.442
1250,0.75,0.45050000000000007
1251,-0.1,0.442
1252,0.75,0.4495
1253,0.75,0.4495
1254,-0.05,0.4415
1255,0.75,0.4415
1256,-0.3,0.431
1257,0.65,0.43
1258,0.75,0.43
1259,-0.05,0.43
1260,0.0,0.4315
1261,0.75,0.4315
1262,0.75,0.4315
1263,0.75,0.4395
1264,0.75,0.4395
1265,0.55,0.4375
1266,0.75,0.43849999999999995
1267,-0.1,0.42999999999999994
1268,-0.15000000000000002,0.42100000000000004
1269,0.75,0.42099999999999993
1270,0.65,0.42749999999999994
1271,-0.05,0.42700000000000005
1272,0.75,0.42700000000000005
1273,0.75,0.428
1274,0.0,0.4225
1275,0.75,0.4225
1276,0.65,0.43
1277,0.75,0.4375
1278,0.75,0.4375
1279,0.75,0.44699999999999995
1280,0.75,0.44699999999999995
1281,0.75,0.45449999999999996
1282,0.75,0.45449999999999996
1283,0.65,0.45349999999999996
1284,0.75,0.45349999999999996
1285,0.75,0.45349999999999996
1286,0.75,0.46149999999999997
1287,0.75,0.46149999999999997
1288,0.75,0.47
1289,0.75,0.47
1290,-0.5499999999999999,0.457
1291,-0.05,0.44900000000000007
1292,0.75,0.44900000000000007
1293,-0.1,0.44050000000000006
1294,-0.05,0.4325
1295,0.75,0.4325
1296,0.75,0.44
1297,0.75,0.44
1298,0.75,0.44
1299,0.0,0.44
1300,0.75,0.44
1301,0.75,0.44
1302,-0.15000000000000002,0.431
1303,0.75,0.44049999999999995
1304,0.6499999999999999,0.43949999999999995
1305,0.75,0.43949999999999995
1306,0.75,0.44849999999999995
1307,-0.2,0.439
1308,-0.1,0.4305
1309,0.75,0.4305
1310,0.75,0.4385
1311,0.75,0.4465
1312,0.2500000000000001,0.4415
1313,0.75,0.45
1314,0.75,0.45
1315,0.75,0.45
1316,0.65,0.449
1317,-0.15000000000000002,0.44799999999999995
1318,0.75,0.44799999999999995
1319,0.75,0.44799999999999995
1320,-0.15000000000000002,0.439
1321,0.65,0.43799999999999994
1322,0.6499999999999999,0.439
1323,0.75,0.44799999999999995
1324,0.75,0.45649999999999996
1325,0.65,0.45549999999999996
1326,0.75,0.465
1327,-0.15000000000000002,0.45699999999999996
1328,-0.05,0.449
1329,-0.15000000000000002,0.441
1330,0.75,0.44900000000000007
1331,0.75,0.4585
1332,0.75,0.4585
1333,0.75,0.47050000000000003
1334,-0.1,0.47
1335,-0.05,0.46399999999999997
1336,0.75,0.472
1337,0.75,0.473
1338,0.65,0.48
1339,-0.2,0.48
1340,0.0,0.4815
1341,0.75,0.4825
1342,0.75,0.4825
1343,0.75,0.491
1344,0.75,0.491
1345,0.75,0.491
1346,0.75,0.491
1347,0.0,0.48350000000000004
1348,0.75,0.4985
1349,0.6499999999999999,0.49949999999999994
1350,-0.15000000000000002,0.4905
1351,-0.15000000000000002,0.49
1352,0.75,0.49
1353,0.65,0.489
1354,-0.15000000000000002,0.488
1355,-0.05,0.4799999999999999
1356,-0.7499999999999999,0.4755
1357,-0.15000000000000002,0.4675
1358,0.65,0.46649999999999997
1359,0.75,0.4745
1360,0.75,0.482
1361,0.75,0.482
1362,0.65,0.48100000000000004
1363,0.75,0.48100000000000004
1364,0.65,0.48
1365,0.75,0.48200000000000004
1366,0.75,0.48200000000000004
1367,-0.05,0.48249999999999993
1368,0.75,0.4915
1369,0.75,0.4915
1370,0.75,0.49249999999999994
1371,0.75,0.5005
1372,-0.05,0.4925
1373,0.75,0.4925
1374,0.75,0.5
1375,0.75,0.5
1376,-0.05,0.49300000000000005
1377,0.75,0.49300000000000005
1378,-0.1,0.48450000000000004
1379,0.75,0.48450000000000004
1380,0.75,0.48450000000000004
1381,0.75,0.48450000000000004
1382,-0.05,0.4765
1383,0.55,0.4755
1384,0.65,0.4745
1385,0.75,0.4745
1386,0.75,0.4745
1387,0.75,0.4745
1388,0.75,0.4745
1389,-0.15000000000000002,0.46549999999999997
1390,-0.15000000000000002,0.46950000000000003
1391,-0.1,0.469
1392,0.75,0.469
1393,0.55,0.4755
1394,0.0,0.4759999999999999
1395,0.65,0.4749999999999999
1396,0.75,0.4749999999999999
1397,-0.2,0.46549999999999997
1398,0.75,0.46549999999999997
1399,0.75,0.473
1400,0.75,0.473
1401,-0.3,0.4624999999999999
1402,0.75,0.4715
1403,0.75,0.4715
1404,0.75,0.4725
1405,0.75,0.4725
1406,0.75,0.4725
1407,0.75,0.482
1408,0.75,0.4905
1409,0.0,0.483
1410,-0.15000000000000002,0.474
1411,0.75,0.474
1412,0.75,0.479
1413,-0.1,0.4705
1414,0.65,0.46950000000000003
1415,0.75,0.46950000000000003
1416,0.75,0.47050000000000003
1417,-0.2,0.47
1418,0.25,0.465
1419,0.65,0.46399999999999997
1420,0.75,0.473
1421,0.75,0.474
1422,0.75,0.475
1423,0.75,0.475
1424,0.75,0.475
1425,-0.05,0.46799999999999997
1426,0.75,0.46799999999999997
1427,0.75,0.47700000000000004
1428,0.75,0.485
1429,0.75,0.494
1430,0.75,0.494
1431,0.75,0.494
1432,0.75,0.494
1433,0.75,0.494
1434,0.75,0.5025
1435,0.75,0.5105000000000001
1436,0.75,0.5105000000000001
1437,0.75,0.5105000000000001
1438,0.75,0.5115
1439,0.75,0.521
1440,-0.6499999999999999,0.5145000000000001
1441,0.75,0.5145000000000001
1442,0.75,0.5145000000000001
1443,0.75,0.5145000000000001
1444,0.75,0.5145000000000001
1445,0.75,0.5145000000000001
1446,-0.2,0.505
1447,-0.2,0.503
1448,0.75,0.503
1449,0.75,0.504
1450,0.75,0.513
1451,0.75,0.5219999999999999
1452,0.35,0.518
1453,-0.1,0.5105
1454,0.75,0.5195
1455,0.55,0.5255000000000001
1456,0.75,0.5405000000000001
1457,0.75,0.5495
1458,0.75,0.5505
1459,0.75,0.5505
1460,0.75,0.5505
1461,0.75,0.5505
1462,0.75,0.5515
1463,-0.1,0.5429999999999999
1464,0.75,0.544
1465,0.65,0.5429999999999999
1466,0.75,0.5429999999999999
1467,0.75,0.551
1468,0.75,0.551
1469,0.65,0.55
1470,-0.2,0.5405000000000001
1471,0.75,0.5405000000000001
1472,0.75,0.5485
1473,0.75,0.5485
1474,-0.05,0.5405
1475,0.75,0.5405
1476,0.75,0.5485
1477,-0.15000000000000002,0.5395
1478,0.75,0.5479999999999999
1479,0.75,0.5479999999999999
1480,0.75,0.5479999999999999
1481,0.75,0.5479999999999999
1482,-0.39999999999999997,0.5445
1483,0.75,0.5465
1484,0.65,0.5465
1485,0.75,0.5465
1486,-0.2,0.537
1487,0.75,0.537
1488,0.75,0.537
1489,0.75,0.546
1490,-0.1,0.5465
1491,-0.15000000000000002,0.546
1492,0.75,0.546
1493,0.75,0.548
1494,0.75,0.5555
1495,0.75,0.5565000000000001
1496,0.6499999999999999,0.5555
1497,0.75,0.565
1498,0.55,0.563
1499,0.75,0.563
1500,0.75,0.563
1501,0.75,0.5735
1502,0.5499999999999999,0.5715
1503,0.75,0.5715
1504,0.44999999999999996,0.5685
1505,0.75,0.5685
1506,0.75,0.5685
1507,0.75,0.5685
1508,0.75,0.5685
1509,0.75,0.5760000000000001
1510,0.75,0.585
1511,-0.2,0.5755
1512,0.65,0.5745
1513,0.75,0.5830000000000001
1514,0.75,0.584
1515,0.75,0.584
1516,0.75,0.584
1517,0.75,0.5935
1518,-0.1,0.59
1519,0.75,0.591
1520,0.75,0.591
1521,0.75,0.591
1522,0.75,0.591
1523,0.75,0.591
1524,-0.1,0.5825
1525,0.75,0.5905
1526,0.75,0.5905
1527,0.75,0.5905
1528,-0.15000000000000002,0.5815
1529,0.75,0.5815
1530,0.75,0.5815
1531,-0.2,0.572
1532,0.75,0.572
1533,0.75,0.572
1534,0.75,0.572
1535,0.75,0.572
1536,0.75,0.572
1537,-0.05,0.564
1538,0.75,0.564
1539,0.75,0.564
1540,0.75,0.578
1541,0.75,0.578
1542,0.75,0.578
1543,0.75,0.578
1544,0.35,0.574
1545,-0.3500000000000001,0.563
1546,0.6499999999999999,0.5715
1547,-1.6500000000000008,0.557
1548,0.75,0.557
1549,0.75,0.557
1550,-0.05,0.5489999999999999
1551,0.75,0.5489999999999999
1552,0.75,0.5529999999999999
1553,0.55,0.5595
1554,0.75,0.5595
1555,0.75,0.5615
1556,0.0,0.5539999999999999
1557,0.75,0.5539999999999999
1558,-0.05,0.5459999999999999
1559,0.75,0.5459999999999999
1560,0.75,0.5459999999999999
1561,0.75,0.5459999999999999
1562,0.75,0.5459999999999999
1563,0.65,0.5535
1564,0.75,0.5535
1565,0.75,0.5545
1566,0.75,0.5545
1567,0.75,0.5545
1568,0.55,0.5525
1569,-0.2,0.5439999999999999
1570,0.75,0.5535
1571,0.75,0.5535
1572,0.75,0.5535
1573,0.75,0.5535
1574,0.75,0.5614999999999999
1575,0.75,0.5614999999999999
1576,-0.15000000000000002,0.5524999999999999
1577,0.75,0.5615
1578,0.75,0.5615
1579,0.75,0.5615
1580,-0.2,0.552
1581,0.75,0.552
1582,0.75,0.5635
1583,0.75,0.5635
1584,0.75,0.5645
1585,0.75,0.5645
1586,-0.05,0.566
1587,0.65,0.565
1588,0.75,0.565
1589,0.75,0.565
1590,0.0,0.566
1591,0.75,0.575
1592,0.75,0.575
1593,0.75,0.575
1594,0.75,0.575
1595,0.75,0.575
1596,0.6499999999999999,0.575
1597,-0.1,0.5665
1598,0.75,0.5685
1599,-0.15000000000000002,0.5595
1600,0.75,0.5595
1601,0.75,0.5595
1602,0.75,0.5615
1603,0.75,0.5615
1604,0.75,0.5645
1605,0.75,0.5645
1606,0.75,0.5645
1607,0.75,0.5645
1608,0.75,0.5645
1609,0.75,0.5645
1610,0.75,0.5645
1611,-0.15000000000000002,0.565
1612,-0.05,0.5579999999999999
1613,0.6499999999999999,0.5569999999999999
1614,0.75,0.5569999999999999
1615,0.75,0.5569999999999999
1616,0.75,0.5569999999999999
1617,0.75,0.5569999999999999
1618,0.75,0.5655
1619,0.75,0.5655
1620,0.75,0.5655
1621,0.75,0.5655
1622,0.75,0.5655
1623,0.75,0.5655
1624,-0.2,0.5645
1625,0.75,0.5645
1626,0.75,0.5645
1627,0.75,0.5645
1628,0.75,0.5735
1629,0.75,0.5735
1630,0.75,0.5735
1631,0.75,0.5830000000000001
1632,0.75,0.5830000000000001
1633,-0.2,0.5735
1634,-0.1,0.565
1635,0.75,0.565
1636,0.75,0.565
1637,0.75,0.573
1638,0.6499999999999999,0.572
1639,0.75,0.572
1640,-0.1,0.5635
1641,0.55,0.5615
1642,-0.05,0.5535
1643,0.75,0.5535
1644,0.75,0.5575
1645,0.75,0.5685
1646,0.75,0.5695
1647,0.75,0.5935
1648,-0.2,0.584
1649,-0.05,0.5760000000000001
1650,0.75,0.584
1651,0.75,0.584
1652,-0.15000000000000002,0.575
1653,0.75,0.577
1654,0.6499999999999999,0.5760000000000001
1655,-3.0500000000000016,0.5379999999999999
1656,-0.05,0.5375
1657,-0.9500000000000006,0.5205
1658,-0.15000000000000002,0.5195
1659,0.75,0.5195
1660,0.75,0.5195
1661,0.75,0.5195
1662,0.75,0.5195
1663,0.75,0.5205
1664,0.75,0.5205
1665,-0.15000000000000002,0.5115
1666,0.75,0.5115
1667,0.75,0.5115
1668,0.75,0.5135
1669,0.75,0.523
1670,0.75,0.523
1671,0.75,0.523
1672,0.75,0.523
1673,0.45000000000000007,0.5199999999999999
1674,0.75,0.5199999999999999
1675,0.75,0.5199999999999999
1676,-0.44999999999999996,0.517
1677,-1.4500000000000002,0.495
1678,0.75,0.495
1679,0.75,0.495
1680,0.0,0.49699999999999994
1681,0.75,0.49699999999999994
1682,0.75,0.49699999999999994
1683,0.75,0.49699999999999994
1684,0.75,0.49699999999999994
1685,0.75,0.49699999999999994
1686,0.75,0.505
1687,0.75,0.5059999999999999
1688,-0.1,0.49749999999999994
1689,0.75,0.49749999999999994
1690,0.75,0.5049999999999999
1691,0.75,0.5049999999999999
1692,0.75,0.5049999999999999
1693,0.75,0.5049999999999999
1694,0.75,0.5049999999999999
1695,0.75,0.5049999999999999
1696,0.75,0.5059999999999999
1697,0.75,0.5145
1698,0.65,0.5135
1699,0.75,0.5225
1700,0.75,0.5225
1701,0.75,0.5225
1702,0.75,0.5225
1703,0.75,0.5225
1704,0.75,0.5225
1705,0.75,0.5225
1706,0.75,0.5225
1707,0.75,0.5225
1708,0.75,0.5225
1709,0.0,0.5149999999999999
1710,0.75,0.5149999999999999
1711,0.75,0.5239999999999999
1712,0.75,0.5319999999999999
1713,0.75,0.5329999999999999
1714,0.75,0.5329999999999999
1715,-0.05,0.525
1716,0.75,0.525
1717,0.75,0.525
1718,0.75,0.525
1719,-0.05,0.5169999999999999
1720,0.75,0.5169999999999999
1721,0.75,0.5169999999999999
1722,0.75,0.5169999999999999
1723,0.35,0.513
1724,0.75,0.5225
1725,0.55,0.5205
1726,0.75,0.5205
1727,0.75,0.5205
1728,0.6499999999999999,0.5195
1729,0.75,0.5195
1730,0.0,0.512
1731,-0.1,0.5035
1732,0.75,0.5035
1733,-0.2500000000000002,0.503
1734,0.65,0.5105
1735,0.75,0.5105
1736,0.75,0.5105
1737,0.75,0.5105
1738,0.75,0.5115
1739,0.75,0.5115
1740,0.75,0.5199999999999999
1741,0.75,0.5219999999999999
1742,0.6499999999999999,0.5289999999999999
1743,0.75,0.5289999999999999
1744,0.75,0.5289999999999999
1745,0.75,0.5289999999999999
1746,0.75,0.5289999999999999
1747,0.75,0.5289999999999999
1748,-0.2,0.529
1749,0.75,0.5369999999999999
1750,-0.1,0.5285
1751,0.75,0.5285
1752,-0.2,0.528
1753,0.75,0.528
1754,-0.2,0.5195
1755,0.75,0.5575
1756,0.0,0.5579999999999999
1757,0.75,0.575
1758,-0.15000000000000002,0.575
1759,0.75,0.575
1760,0.75,0.575
1761,0.75,0.575
1762,-0.3,0.5645
1763,0.75,0.5645
1764,0.75,0.5645
1765,0.65,0.5724999999999999
1766,0.75,0.5725
1767,0.75,0.5725
1768,0.25,0.5675
1769,-0.2,0.558
1770,0.75,0.5579999999999999
1771,0.75,0.5579999999999999
1772,0.75,0.5579999999999999
1773,0.75,0.561
1774,-0.2,0.5515
1775,0.75,0.5515
1776,-0.05,0.5555
1777,0.75,0.5775
1778,0.75,0.5775
1779,0.75,0.5775
1780,0.75,0.585
1781,0.6499999999999999,0.584
1782,0.75,0.584
1783,0.75,0.584
1784,-0.05,0.5760000000000001
1785,-0.1,0.5675
1786,0.0,0.56
1787,0.75,0.56
1788,0.5499999999999999,0.5665
1789,0.75,0.5665
1790,0.75,0.5665
1791,0.75,0.5665
1792,0.75,0.5665
1793,0.75,0.5665
1794,-0.05,0.5585
1795,0.75,0.5585
1796,0.75,0.5585
1797,0.75,0.5585
1798,0.75,0.5595
1799,0.75,0.5595
1800,0.75,0.5595
1801,0.75,0.5595
1802,-0.1,0.551
1803,0.0,0.5435
1804,0.75,0.5435
1805,0.75,0.5435
1806,0.75,0.5435
1807,0.75,0.5435
1808,0.75,0.5435
1809,-0.15000000000000002,0.542
1810,-0.2,0.5325
1811,0.75,0.5325
1812,0.75,0.5325
1813,0.75,0.5325
1814,0.75,0.5325
1815,0.75,0.5405
1816,-0.2,0.531
1817,0.75,0.531
1818,0.75,0.531
1819,0.75,0.539
1820,-0.2,0.5295000000000001
1821,0.75,0.5295000000000001
1822,0.75,0.5295000000000001
1823,0.65,0.5325
1824,0.75,0.5325
1825,0.0,0.5269999999999999
1826,0.75,0.5269999999999999
1827,0.75,0.5269999999999999
1828,0.75,0.528
1829,0.75,0.528
1830,-0.2,0.526
1831,0.75,0.5345
1832,0.6499999999999999,0.5335
1833,0.65,0.5425
1834,0.75,0.5435
1835,-0.2,0.534
1836,-0.1,0.5255000000000001
1837,0.75,0.5255000000000001
1838,0.75,0.5255000000000001
1839,0.75,0.5255000000000001
1840,0.75,0.5255000000000001
1841,0.6499999999999999,0.5245000000000001
1842,0.75,0.5255000000000001
1843,0.75,0.5255000000000001
1844,0.75,0.5255000000000001
1845,0.75,0.5255000000000001
1846,-0.30000000000000004,0.515
1847,0.75,0.515
1848,0.75,0.5245
1849,0.0,0.5169999999999999
1850,0.75,0.5255
1851,0.75,0.5255
1852,0.55,0.533
1853,0.75,0.533
1854,0.75,0.5425
1855,-0.39999999999999997,0.531
1856,0.75,0.5385
1857,0.75,0.5385
1858,0.75,0.5475
1859,0.75,0.5475
1860,0.75,0.5475
1861,0.75,0.5475
1862,0.75,0.558
1863,0.0,0.5505
1864,-0.05,0.5425
1865,0.75,0.5435
1866,0.75,0.5435
1867,0.75,0.5435
1868,0.75,0.5485
1869,0.75,0.5579999999999999
1870,0.75,0.5579999999999999
1871,-0.2,0.5485
1872,0.75,0.5485
1873,0.75,0.5485
1874,0.75,0.558
1875,0.75,0.558
1876,0.75,0.5660000000000001
1877,0.75,0.5660000000000001
1878,0.75,0.5660000000000001
1879,0.75,0.5660000000000001
1880,0.75,0.5660000000000001
1881,0.75,0.5670000000000001
1882,0.75,0.5670000000000001
1883,0.75,0.5670000000000001
1884,0.75,0.575
1885,0.75,0.5835
1886,0.75,0.591
1887,0.75,0.591
1888,0.75,0.5930000000000001
1889,0.75,0.5930000000000001
1890,-0.15000000000000002,0.584
1891,0.75,0.584
1892,0.050000000000000044,0.5770000000000001
1893,-0.7999999999999999,0.5615
1894,0.75,0.5695
1895,0.75,0.5695
1896,0.75,0.5695
1897,0.75,0.5695
1898,0.55,0.5675
1899,0.75,0.5675
1900,0.75,0.5675
1901,0.75,0.5675
1902,0.75,0.5760000000000001
1903,0.75,0.5835
1904,0.75,0.5835
1905,0.75,0.5835
1906,0.75,0.5835
1907,0.75,0.5835
1908,0.75,0.5835
1909,0.0,0.585
1910,0.75,0.5945
1911,0.75,0.5945
1912,0.75,0.5945
1913,0.75,0.5945
1914,0.75,0.5945
1915,-0.1,0.586
1916,0.75,0.5954999999999999
1917,-0.15000000000000002,0.5865
1918,0.75,0.5865
1919,0.75,0.5865
1920,0.75,0.596
1921,0.65,0.595
1922,0.0,0.5875
1923,0.75,0.5885
1924,0.75,0.5885
1925,0.75,0.596
1926,0.75,0.596
1927,0.75,0.596
1928,-0.05,0.5880000000000001
1929,0.75,0.5880000000000001
1930,0.65,0.5965
1931,0.75,0.5965
1932,0.75,0.5975
1933,0.75,0.5985
1934,0.75,0.5985
1935,0.75,0.6080000000000001
1936,0.75,0.6164999999999999
1937,0.75,0.6164999999999999
1938,0.75,0.6164999999999999
1939,0.75,0.6164999999999999
1940,0.75,0.6164999999999999
1941,0.0,0.61
1942,0.75,0.61
1943,0.75,0.61
1944,-0.15000000000000002,0.601
1945,0.75,0.601
1946,0.75,0.6115
1947,0.75,0.6115
1948,0.75,0.6115
1949,-0.7999999999999999,0.6035
1950,0.75,0.6035
1951,0.75,0.6035
1952,-0.15000000000000002,0.5965
1953,0.75,0.5965
1954,-0.2,0.587
1955,0.75,0.5984999999999999
1956,0.75,0.5984999999999999
1957,0.75,0.5984999999999999
1958,0.75,0.5984999999999999
1959,0.75,0.5984999999999999
1960,0.75,0.5984999999999999
1961,-0.15000000000000002,0.5894999999999999
1962,0.75,0.5894999999999999
1963,0.75,0.597
1964,0.75,0.605
1965,0.75,0.605
1966,0.75,0.605
1967,0.65,0.604
1968,0.75,0.604
1969,0.75,0.604
1970,-0.2,0.5945
1971,0.75,0.604
1972,0.75,0.604
1973,0.75,0.604
1974,0.75,0.604
1975,0.75,0.604
1976,0.75,0.604
1977,-0.05,0.596
1978,0.75,0.596
1979,0.75,0.596
1980,0.75,0.596
1981,0.75,0.596
1982,0.75,0.596
1983,0.65,0.595
1984,-0.2,0.5855
1985,0.75,0.5855
1986,0.75,0.5855
1987,0.75,0.5855
1988,0.75,0.5855
1989,0.75,0.5855
1990,0.65,0.5935
1991,0.75,0.5935
1992,-0.8500000000000005,0.5844999999999999
1993,-0.15000000000000002,0.591
1994,0.75,0.591
1995,0.75,0.591
1996,0.65,0.59
1997,0.75,0.59
1998,0.75,0.592
1999,0.75,0.592
2000,0.75,0.592
2001,0.75,0.592
2002,0.75,0.592
2003,0.75,0.592
2004,0.75,0.592
2005,-3.0500000000000016,0.5539999999999999
2006,0.75,0.5539999999999999
2007,0.75,0.5539999999999999
2008,0.75,0.5539999999999999
2009,0.75,0.5615
2010,0.75,0.5615
2011,0.75,0.5615
2012,0.75,0.5615
2013,0.0,0.5539999999999999
2014,0.75,0.5539999999999999
2015,0.75,0.5625
2016,0.75,0.5625
2017,0.0,0.564
2018,0.75,0.564
2019,0.75,0.564
2020,0.65,0.563
2021,0.75,0.564
2022,0.0,0.564
2023,0.75,0.564
2024,0.75,0.564
2025,-0.15000000000000002,0.555
2026,0.75,0.555
2027,-0.05,0.5469999999999999
2028,0.6499999999999999,0.5539999999999999
2029,0.75,0.5539999999999999
2030,0.75,0.5549999999999999
2031,-0.05,0.5469999999999999
2032,0.75,0.5469999999999999
2033,-0.30000000000000004,0.5365
2034,0.75,0.5365
2035,0.75,0.5365
2036,0.75,0.5365
2037,0.75,0.5365
2038,0.75,0.5365
2039,0.75,0.5365
2040,0.65,0.5355
2041,0.75,0.5429999999999999
2042,0.75,0.5429999999999999
2043,0.0,0.5355
2044,0.75,0.5445
2045,0.75,0.5445
2046,0.75,0.5445
2047,-0.2,0.5349999999999999
2048,0.75,0.5349999999999999
2049,0.75,0.5505
2050,0.75,0.5505
2051,0.65,0.5495
2052,0.0,0.5509999999999999
2053,-0.1,0.5425
2054,0.75,0.552
2055,0.75,0.552
2056,-0.25,0.542
2057,0.75,0.542
2058,0.0,0.5345
2059,0.75,0.5345
2060,0.75,0.5345
2061,0.25,0.5385
2062,-0.15000000000000002,0.5295
2063,0.75,0.5295
2064,0.75,0.5295
2065,0.75,0.5295
2066,0.75,0.5295
2067,0.75,0.5305
2068,0.75,0.5305
2069,0.75,0.5305
2070,0.75,0.5399999999999999
2071,0.75,0.5399999999999999
2072,-0.05,0.5319999999999999
2073,0.75,0.5319999999999999
2074,0.75,0.5319999999999999
2075,0.75,0.5319999999999999
2076,0.75,0.5319999999999999
2077,0.75,0.54
2078,0.6499999999999999,0.539
2079,-0.1,0.5305
2080,0.75,0.5305
2081,0.75,0.5305
2082,0.75,0.5305
2083,-0.35,0.5205
2084,0.75,0.53
2085,0.75,0.53
2086,0.75,0.53
2087,-0.35,0.519
2088,0.75,0.519
2089,0.75,0.519
2090,0.75,0.52
2091,-0.1,0.5115
2092,-0.4500000000000002,0.5155
2093,0.75,0.5245
2094,0.75,0.5245
2095,0.75,0.5245
2096,0.75,0.5255
2097,0.75,0.5255
2098,0.65,0.5245000000000001
2099,0.75,0.5245000000000001
2100,0.75,0.5245000000000001
2101,0.75,0.5245000000000001
2102,-0.1,0.516
2103,-0.05,0.508
2104,0.75,0.508
2105,-0.1,0.5375
2106,0.75,0.5375
2107,0.75,0.5375
2108,0.75,0.5375
2109,0.75,0.5375
2110,0.75,0.5375
2111,0.75,0.5375
2112,0.75,0.5375
2113,0.0,0.5375
2114,0.75,0.5375
2115,0.75,0.5375
2116,0.6499999999999999,0.5365
2117,-0.2,0.5345
2118,0.75,0.5345
2119,0.65,0.5335
2120,0.75,0.5345
2121,0.75,0.5345
2122,-0.1,0.5335
2123,-0.05,0.5255
2124,0.75,0.5255
2125,0.75,0.5345
2126,0.75,0.5345
2127,0.75,0.5425
2128,-0.05,0.5355000000000001
2129,0.0,0.528
2130,0.75,0.528
2131,0.75,0.536
2132,0.75,0.536
2133,-0.2,0.5369999999999999
2134,-0.2,0.5275
2135,0.75,0.5275
2136,0.75,0.5275
2137,0.75,0.5275
2138,0.75,0.5275
2139,0.75,0.5275
2140,0.75,0.5285
2141,0.75,0.5285
2142,0.75,0.5285
2143,0.75,0.536
2144,0.75,0.536
2145,0.75,0.536
2146,0.75,0.536
2147,0.75,0.5455000000000001
2148,0.75,0.5455000000000001
2149,0.75,0.5455000000000001
2150,0.75,0.5455000000000001
2151,0.75,0.5465000000000001
2152,0.75,0.554
2153,0.75,0.5625
2154,0.75,0.5625
2155,0.75,0.5625
2156,0.75,0.5725
2157,0.75,0.5725
2158,0.75,0.58
2159,0.75,0.58
2160,-0.05,0.572
2161,0.75,0.577
2162,0.75,0.586
2163,0.75,0.586
2164,0.75,0.586
2165,-0.15000000000000002,0.5770000000000001
2166,0.75,0.5770000000000001
2167,0.75,0.5770000000000001
2168,0.75,0.5770000000000001
2169,0.75,0.5770000000000001
2170,0.75,0.5770000000000001
2171,0.75,0.5770000000000001
2172,0.75,0.585
2173,0.75,0.585
2174,0.75,0.585
2175,0.75,0.585
2176,0.75,0.585
2177,0.75,0.585
2178,0.65,0.585
2179,0.75,0.5935
2180,0.75,0.5935
2181,-0.2,0.5840000000000001
2182,0.75,0.5840000000000001
2183,0.0,0.5875
2184,0.75,0.5875
2185,0.75,0.5875
2186,0.75,0.5875
2187,0.75,0.5985
2188,0.75,0.5985
2189,0.75,0.5985
2190,0.0,0.591
2191,0.75,0.5995
2192,0.75,0.6115
2193,0.75,0.6115
2194,0.75,0.6115
2195,0.75,0.6115
2196,0.75,0.6115
2197,0.75,0.6115
2198,0.75,0.6125
2199,0.75,0.6125
2200,0.75,0.6125
2201,0.75,0.6125
2202,0.75,0.621
2203,0.75,0.629
2204,-0.1,0.6205
2205,0.75,0.629
2206,0.75,0.629
2207,0.75,0.629
2208,0.75,0.629
2209,0.75,0.629
2210,-0.35,0.618
2211,-0.1,0.6094999999999999
2212,0.75,0.6094999999999999
2213,0.75,0.617
2214,0.75,0.617
2215,0.75,0.617
2216,0.75,0.618
2217,0.75,0.6275
2218,0.65,0.6265
2219,0.65,0.6265000000000001
2220,0.25,0.6215
2221,0.75,0.6215
2222,0.75,0.63
2223,0.75,0.638
2224,0.75,0.638
2225,0.75,0.638
2226,-0.1,0.6295000000000001
2227,0.75,0.6295000000000001
2228,0.75,0.6375
2229,0.75,0.645
2230,0.75,0.645
2231,0.75,0.645
2232,0.75,0.645
2233,-0.15000000000000002,0.6455
2234,0.75,0.655
2235,0.6499999999999999,0.654
2236,0.75,0.654
2237,0.75,0.654
2238,0.75,0.654
2239,0.75,0.654
2240,0.75,0.654
2241,0.75,0.654
2242,0.75,0.654
2243,0.75,0.654
2244,0.75,0.654
2245,0.75,0.654
2246,0.75,0.654
2247,0.75,0.654
2248,0.75,0.654
2249,0.75,0.654
2250,0.75,0.654
2251,0.75,0.654
2252,0.75,0.654
2253,-0.15000000000000002,0.645
2254,0.75,0.645
2255,0.75,0.645
2256,0.75,0.645
2257,0.75,0.645
2258,0.75,0.645
2259,0.75,0.645
2260,0.65,0.6519999999999999
2261,0.75,0.6519999999999999
2262,0.75,0.6519999999999999
2263,-0.1,0.6435
2264,0.75,0.6435
2265,0.65,0.6515000000000001
2266,0.75,0.6515000000000001
2267,0.75,0.6515000000000001
2268,0.75,0.6515000000000001
2269,0.15000000000000002,0.6455000000000001
2270,0.75,0.6455
2271,-0.05,0.6375
2272,0.75,0.6375
2273,0.65,0.6365
2274,0.75,0.6365
2275,0.75,0.6365
2276,0.75,0.6365
2277,0.75,0.6365
2278,0.75,0.6375
2279,0.75,0.6375
2280,-0.2,0.628
2281,0.75,0.6375
2282,0.75,0.6375
2283,0.75,0.645
2284,0.0,0.6375
2285,0.75,0.6375
2286,0.75,0.6375
2287,0.75,0.6375
2288,0.75,0.6375
2289,0.75,0.6375
2290,0.75,0.645
2291,0.0,0.6375
2292,-0.2,0.628
2293,0.75,0.628
2294,0.75,0.628
2295,0.75,0.628
2296,0.75,0.628
2297,0.75,0.628
2298,-0.1,0.6194999999999999
2299,0.75,0.6194999999999999
2300,0.75,0.6194999999999999
2301,0.75,0.6194999999999999
2302,0.75,0.6194999999999999
2303,0.75,0.6194999999999999
2304,0.75,0.628
2305,0.75,0.628
2306,0.75,0.628
2307,0.75,0.628
2308,0.75,0.628
2309,0.75,0.628
2310,0.75,0.639
2311,0.75,0.6475
2312,0.75,0.6475
2313,0.75,0.6475
2314,0.75,0.6475
2315,0.75,0.6475
2316,0.0,0.64
2317,0.75,0.64
2318,0.75,0.6410000000000001
2319,0.75,0.642
2320,-0.05,0.639
2321,0.75,0.639
2322,0.75,0.639
2323,0.75,0.639
2324,0.75,0.639
2325,0.75,0.639
2326,0.75,0.6475
2327,0.75,0.6475
2328,-0.15000000000000002,0.6385000000000001
2329,0.75,0.6385000000000001
2330,0.75,0.6385000000000001
2331,0.75,0.6385000000000001
2332,-0.2,0.629
2333,0.75,0.638
2334,0.65,0.637
2335,0.75,0.638
2336,0.75,0.638
2337,0.75,0.638
2338,0.75,0.638
2339,-0.15000000000000002,0.629
2340,0.75,0.629
2341,0.75,0.629
2342,0.75,0.629
2343,0.75,0.629
2344,0.75,0.629
2345,0.75,0.629
2346,0.75,0.629
2347,0.75,0.629
2348,0.75,0.629
2349,-0.05,0.621
2350,0.75,0.621
2351,0.75,0.621
2352,0.75,0.621
2353,0.75,0.63
2354,0.75,0.63
2355,0.75,0.63
2356,0.75,0.63
2357,0.75,0.63
2358,0.75,0.63
2359,0.75,0.63
2360,0.75,0.631
2361,0.75,0.631
2362,0.75,0.631
2363,0.75,0.6395000000000001
2364,0.75,0.6395000000000001
2365,0.75,0.6405
2366,0.75,0.6405
2367,-0.1,0.632
2368,0.75,0.632
2369,0.75,0.638
2370,0.75,0.638
2371,-0.15000000000000002,0.637
2372,-0.05,0.629
2373,-0.2,0.6205
2374,0.75,0.6205
2375,0.75,0.6205
2376,0.75,0.6205
2377,0.0,0.613
2378,0.75,0.613
2379,-0.05,0.605
2380,-0.1,0.606
2381,0.75,0.606
2382,0.75,0.606
2383,0.75,0.606
2384,0.75,0.6134999999999999
2385,0.65,0.6125
2386,0.75,0.6125
2387,0.75,0.6125
2388,-0.05,0.6044999999999999
2389,0.75,0.6044999999999999
2390,0.75,0.6044999999999999
2391,0.75,0.612
2392,0.75,0.6214999999999999
2393,-0.15000000000000002,0.6125
2394,0.75,0.6125
2395,0.75,0.6125
2396,0.75,0.6125
2397,0.75,0.6125
2398,0.75,0.621
2399,0.75,0.621
2400,0.0,0.6135
2401,0.75,0.6135
2402,-2.9500000000000015,0.5765
2403,0.75,0.5765
2404,0.75,0.5765
2405,0.75,0.5765
2406,0.75,0.5765
2407,0.75,0.5765
2408,0.75,0.5765
2409,0.75,0.5765
2410,0.75,0.5765
2411,0.75,0.5765
2412,0.75,0.5765
2413,0.75,0.5765
2414,-0.1,0.568
2415,0.75,0.568
2416,0.75,0.5755
2417,-0.1,0.5670000000000001
2418,0.75,0.5670000000000001
2419,0.75,0.5670000000000001
2420,0.75,0.575
2421,0.75,0.575
2422,0.75,0.575
2423,0.75,0.575
2424,0.0,0.5675
2425,0.55,0.5655
2426,0.75,0.5655
2427,0.75,0.5655
2428,0.75,0.5745
2429,0.65,0.5734999999999999
2430,-0.15000000000000002,0.5645
2431,0.65,0.5634999999999999
2432,0.75,0.573
2433,0.75,0.573
2434,0.75,0.574
2435,0.65,0.573
2436,-0.15000000000000002,0.564
2437,0.75,0.564
2438,0.0,0.5565
2439,0.75,0.5655
2440,-0.15000000000000002,0.5565
2441,0.75,0.5565
2442,-0.44999999999999996,0.5445
2443,0.75,0.5445
2444,0.75,0.5445
2445,0.75,0.5445
2446,0.75,0.5445
2447,0.75,0.5445
2448,0.75,0.5445
2449,0.75,0.5524999999999999
2450,0.75,0.5524999999999999
2451,0.75,0.5524999999999999
2452,0.75,0.5524999999999999
2453,0.75,0.5524999999999999
2454,0.75,0.5524999999999999
2455,0.75,0.5524999999999999
2456,-0.15000000000000002,0.5435
2457,0.75,0.5435
2458,0.75,0.5435
2459,0.75,0.5435
2460,0.75,0.5435
2461,0.75,0.5435
2462,0.75,0.5435
2463,0.75,0.5435
2464,0.75,0.5435
2465,0.75,0.5435
2466,0.75,0.5435
2467,0.75,0.5519999999999999
2468,-0.2,0.5425
2469,0.75,0.5425
2470,-0.1,0.534
2471,0.75,0.5429999999999999
2472,0.75,0.551
2473,0.6499999999999999,0.5595
2474,0.75,0.5595
2475,0.75,0.5595
2476,0.6499999999999999,0.5585
2477,0.75,0.566
2478,0.75,0.566
2479,0.75,0.574
2480,0.75,0.5825
2481,0.65,0.5815
2482,0.75,0.5815
2483,0.75,0.5815
2484,0.75,0.5815
2485,0.75,0.5824999999999999
2486,0.75,0.5824999999999999
2487,0.75,0.5824999999999999
2488,0.75,0.5905
2489,0.75,0.5905
2490,0.75,0.5905
2491,-0.15000000000000002,0.5815
2492,0.75,0.5815
2493,0.75,0.5905
2494,0.75,0.5905
2495,0.75,0.5905
2496,0.75,0.5905
2497,0.75,0.5905
2498,0.75,0.5905
2499,0.75,0.5905
2500,0.75,0.598
2501,0.75,0.598
2502,0.75,0.635
2503,0.75,0.635
2504,0.75,0.635
2505,0.75,0.635
2506,0.75,0.635
2507,0.75,0.635
2508,0.75,0.635
2509,0.75,0.635
2510,-0.05,0.627
2511,0.0,0.6195
2512,0.75,0.6195
2513,0.0,0.612
2514,0.75,0.6205
2515,0.65,0.6195
2516,0.75,0.6195
2517,0.75,0.628
2518,0.75,0.628
2519,0.75,0.628
2520,0.75,0.628
2521,-0.2,0.6184999999999999
2522,0.75,0.6184999999999999
2523,0.75,0.6184999999999999
2524,0.75,0.6259999999999999
2525,0.75,0.628
2526,0.75,0.628
2527,0.75,0.628
2528,0.75,0.628
2529,0.75,0.629
2530,0.75,0.638
2531,0.65,0.638
2532,0.75,0.638
2533,0.75,0.638
2534,-0.05,0.63
2535,-0.15000000000000002,0.622
2536,0.75,0.631
2537,0.75,0.631
2538,0.75,0.6385000000000001
2539,0.75,0.6385000000000001
2540,0.75,0.6475
2541,0.75,0.6475
2542,0.75,0.6595
2543,0.75,0.6595
2544,-0.05,0.6515000000000001
2545,0.75,0.6515000000000001
2546,0.75,0.6515000000000001
2547,0.75,0.6515000000000001
2548,-0.1,0.643
2549,0.75,0.643
2550,0.75,0.643
2551,0.65,0.642
2552,0.75,0.642
2553,0.75,0.642
2554,-0.2,0.6325
2555,0.75,0.6325
2556,0.75,0.6415000000000001
2557,0.75,0.6415000000000001
2558,0.75,0.6415000000000001
2559,0.75,0.6415000000000001
2560,0.75,0.6415000000000001
2561,0.75,0.6415000000000001
2562,0.55,0.6395000000000001
2563,-0.15000000000000002,0.6305000000000001
2564,0.75,0.6305000000000001
2565,-0.15000000000000002,0.6214999999999999
2566,0.75,0.6214999999999999
2567,0.75,0.6214999999999999
2568,0.75,0.6309999999999999
2569,0.75,0.6309999999999999
2570,0.75,0.6395
2571,0.0,0.632
2572,0.75,0.632
2573,0.75,0.633
2574,0.75,0.633
2575,0.75,0.633
2576,0.75,0.634
2577,0.75,0.634
2578,0.75,0.634
2579,0.75,0.634
2580,0.75,0.634
2581,0.75,0.635
2582,0.75,0.635
2583,-0.2,0.6255000000000001
2584,0.75,0.6255000000000001
2585,0.75,0.6255000000000001
2586,0.75,0.6255000000000001
2587,0.75,0.6255000000000001
2588,0.75,0.6255000000000001
2589,0.75,0.6255000000000001
2590,0.75,0.6255000000000001
2591,0.75,0.6345000000000001
2592,0.75,0.6345000000000001
2593,0.75,0.6345000000000001
2594,0.75,0.6345000000000001
2595,0.75,0.6345000000000001
2596,0.75,0.6345000000000001
2597,0.75,0.6345000000000001
2598,0.75,0.6345000000000001
2599,0.75,0.6345000000000001
2600,-0.15000000000000002,0.6255000000000001
2601,0.75,0.6255000000000001
2602,0.75,0.6255000000000001
2603,0.75,0.6255000000000001
2604,0.75,0.6255000000000001
2605,0.75,0.6255000000000001
2606,-0.05,0.6175
2607,0.75,0.6175
2608,0.75,0.6175
2609,0.65,0.6164999999999999
2610,0.75,0.6244999999999999
2611,0.75,0.632
2612,0.75,0.632
2613,0.75,0.6395
2614,0.75,0.6395
2615,0.65,0.6395000000000001
2616,0.75,0.6395000000000001
2617,0.75,0.6395000000000001
2618,0.75,0.6395000000000001
2619,0.75,0.6395000000000001
2620,0.75,0.6395000000000001
2621,0.75,0.649
2622,-0.25,0.639
2623,0.75,0.639
2624,0.75,0.639
2625,0.75,0.639
2626,0.75,0.639
2627,0.75,0.639
2628,0.75,0.639
2629,0.75,0.639
2630,0.75,0.639
2631,0.75,0.64
2632,0.75,0.64
2633,0.75,0.64
2634,0.75,0.648
2635,0.75,0.657
2636,0.75,0.657
2637,-0.1,0.6485
2638,0.75,0.6485
2639,0.65,0.6475
2640,0.75,0.6475
2641,0.75,0.6475
2642,0.45000000000000007,0.6445000000000001
2643,0.75,0.6445000000000001
2644,0.75,0.6525
2645,0.65,0.6515
2646,0.75,0.6515
2647,0.75,0.6515
2648,0.75,0.66
2649,-0.1,0.6515000000000001
2650,-0.15000000000000002,0.6425
2651,0.75,0.6435
2652,0.75,0.6435
2653,0.75,0.6435
2654,0.75,0.653
2655,-0.15000000000000002,0.644
2656,0.75,0.644
2657,0.75,0.644
2658,0.6499999999999999,0.643
2659,0.75,0.643
2660,0.75,0.643
2661,0.75,0.643
2662,0.75,0.645
2663,0.75,0.654
2664,0.75,0.654
2665,0.75,0.6629999999999999
2666,0.75,0.6629999999999999
2667,0.75,0.6629999999999999
2668,0.75,0.6629999999999999
2669,0.55,0.6609999999999999
2670,0.75,0.6609999999999999
2671,0.75,0.6685
2672,0.75,0.6685
2673,0.0,0.6609999999999999
2674,0.75,0.6609999999999999
2675,0.65,0.66
2676,0.6499999999999999,0.6589999999999999
2677,0.75,0.6589999999999999
2678,0.65,0.6579999999999999
2679,0.0,0.6505
2680,0.75,0.6505
2681,0.75,0.6505
2682,-0.3,0.6399999999999999
2683,0.75,0.6495000000000001
2684,0.44999999999999996,0.6465000000000001
2685,0.75,0.6465
2686,0.75,0.6465
2687,0.75,0.6465
2688,0.75,0.6465
2689,0.75,0.6465
2690,0.75,0.6465
2691,0.75,0.6465
2692,0.75,0.6465
2693,0.75,0.6465
2694,0.75,0.6465
2695,-0.05,0.6385000000000001
2696,0.75,0.6385000000000001
2697,0.75,0.6385000000000001
2698,0.75,0.6385000000000001
2699,0.75,0.6385000000000001
2700,0.75,0.6475
2701,0.75,0.6475
2702,0.75,0.6475
2703,-0.2,0.638
2704,0.75,0.638
2705,0.75,0.638
2706,0.75,0.6459999999999999
2707,0.75,0.6459999999999999
2708,0.75,0.6459999999999999
2709,0.75,0.647
2710,0.75,0.647
2711,0.75,0.647
2712,0.75,0.647
2713,0.75,0.647
2714,0.75,0.647
2715,-0.2,0.6385
2716,0.75,0.6385
2717,0.55,0.6365
2718,0.65,0.6355
2719,0.75,0.6355
2720,0.75,0.6355
2721,0.75,0.6355
2722,0.75,0.6455
2723,0.75,0.6455
2724,0.75,0.6455
2725,0.75,0.6455
2726,0.75,0.6455
2727,0.75,0.6455
2728,0.75,0.6455
2729,0.65,0.6445000000000001
2730,0.75,0.6445000000000001
2731,-0.2,0.635
2732,0.75,0.635
2733,-0.2,0.6255
2734,0.75,0.6255
2735,0.75,0.6255
2736,0.75,0.6255
2737,0.75,0.634
2738,0.75,0.634
2739,0.75,0.635
2740,-0.15000000000000002,0.626
2741,0.75,0.626
2742,-0.05,0.621
2743,0.75,0.621
2744,0.75,0.621
2745,0.75,0.622
2746,0.75,0.622
2747,0.65,0.621
2748,0.75,0.621
2749,0.75,0.6295000000000001
2750,0.75,0.6385000000000001
2751,0.75,0.6385000000000001
2752,0.75,0.6385000000000001
2753,0.75,0.6385000000000001
2754,0.75,0.6385000000000001
2755,0.75,0.6475
2756,0.65,0.6465
2757,-0.05,0.6385
2758,0.75,0.6395
2759,0.75,0.6395
2760,0.75,0.6395
2761,0.6499999999999999,0.6385000000000001
2762,0.75,0.6385000000000001
2763,0.75,0.6385000000000001
2764,0.75,0.6385000000000001
2765,0.0,0.631
2766,0.75,0.631
2767,0.75,0.631
2768,0.75,0.631
2769,0.75,0.633
2770,0.75,0.633
2771,0.75,0.633
2772,0.75,0.633
2773,0.75,0.6405
2774,0.75,0.6405
2775,0.75,0.6415000000000001
2776,0.75,0.6425
2777,0.55,0.6405
2778,0.75,0.6415
2779,0.75,0.6489999999999999
2780,0.75,0.6489999999999999
2781,0.75,0.6489999999999999
2782,0.75,0.6594999999999999
2783,0.75,0.6594999999999999
2784,0.75,0.6625
2785,-0.1,0.654
2786,0.75,0.654
2787,0.75,0.654
2788,0.75,0.654
2789,-0.15000000000000002,0.645
2790,-0.15000000000000002,0.636
2791,0.75,0.636
2792,0.75,0.636
2793,-0.25,0.626
2794,0.050000000000000044,0.619
2795,0.15000000000000002,0.621
2796,0.0,0.6134999999999999
2797,0.75,0.6134999999999999
2798,-0.15000000000000002,0.6044999999999999
2799,0.75,0.6044999999999999
2800,0.75,0.6044999999999999
2801,-0.05,0.5965
2802,-0.2,0.587
2803,0.75,0.5965
2804,0.75,0.5965
2805,0.75,0.5965
2806,0.75,0.5965
2807,-0.15000000000000002,0.5875
2808,0.75,0.5875
2809,-0.1,0.579
2810,0.75,0.579
2811,0.75,0.579
2812,0.75,0.579
2813,0.75,0.579
2814,0.75,0.579
2815,0.75,0.5885
2816,0.75,0.5885
2817,0.75,0.5905
2818,0.75,0.5915
2819,0.75,0.5915
2820,0.75,0.5915
2821,0.75,0.5915
2822,0.75,0.5915
2823,0.75,0.5915
2824,0.75,0.5915
2825,0.75,0.5915
2826,0.75,0.5915
2827,0.75,0.5915
2828,0.75,0.5915
2829,0.75,0.5925
2830,0.75,0.5925
2831,0.75,0.602
2832,0.75,0.602
2833,0.0,0.604
2834,0.75,0.604
2835,0.75,0.604
2836,0.75,0.604
2837,0.6499999999999999,0.603
2838,0.75,0.603
2839,0.75,0.603
2840,-0.2,0.6025
2841,0.75,0.6025
2842,-0.1,0.602
2843,0.75,0.602
2844,0.75,0.602
2845,0.75,0.602
2846,0.75,0.602
2847,0.75,0.603
2848,-0.15000000000000002,0.594
2849,0.75,0.594
2850,0.75,0.594
2851,0.75,0.594
2852,0.75,0.594
2853,0.75,0.594
2854,0.75,0.594
2855,0.75,0.594
2856,0.75,0.595
2857,0.0,0.5955
2858,0.0,0.5880000000000001
2859,0.75,0.5880000000000001
2860,0.75,0.5880000000000001
2861,0.75,0.589
2862,0.75,0.589
2863,0.75,0.589
2864,0.75,0.589
2865,0.75,0.5965
2866,0.75,0.5965
2867,0.75,0.5965
2868,0.75,0.5965
2869,0.75,0.5965
2870,0.75,0.5965
2871,0.75,0.5965
2872,0.75,0.5965
2873,0.75,0.5965
2874,0.6499999999999999,0.5954999999999999
2875,0.75,0.5954999999999999
2876,0.75,0.5954999999999999
2877,0.75,0.5975
2878,0.75,0.5975
2879,0.75,0.5975
2880,0.75,0.5975
2881,-0.2,0.588
2882,0.75,0.588
2883,0.75,0.588
2884,-0.2,0.5785
2885,0.75,0.5870000000000001
2886,0.75,0.5870000000000001
2887,0.75,0.5870000000000001
2888,0.75,0.5870000000000001
2889,-0.1,0.5875
2890,0.75,0.5965
2891,0.75,0.5965
2892,0.75,0.5965
2893,0.75,0.6065
2894,0.75,0.6135
2895,0.75,0.6195
2896,0.75,0.627
2897,0.75,0.627
2898,0.65,0.635
2899,0.75,0.635
2900,0.75,0.635
2901,0.75,0.643
2902,0.75,0.6525
2903,0.75,0.6525
2904,0.75,0.6525
2905,0.75,0.6525
2906,0.75,0.6525
2907,0.75,0.6615000000000001
2908,0.75,0.6615000000000001
2909,0.75,0.67
2910,-0.05,0.662
2911,0.65,0.6609999999999999
2912,0.75,0.6609999999999999
2913,-0.05,0.653
2914,-0.2,0.6435
2915,0.75,0.6435
2916,-0.8499999999999999,0.6275
2917,0.75,0.6275
2918,0.75,0.6275
2919,0.75,0.6275
2920,0.75,0.6275
2921,0.75,0.6275
2922,0.75,0.6275
2923,0.75,0.6275
2924,0.75,0.6275
2925,0.75,0.6275
2926,-0.05,0.6195
2927,0.75,0.6195
2928,-0.1,0.611
2929,0.75,0.611
2930,0.75,0.611
2931,0.75,0.611
2932,0.75,0.611
2933,0.75,0.6185
2934,0.75,0.6185
2935,0.75,0.6185
2936,0.75,0.6185
2937,0.75,0.6195
2938,0.75,0.6195
2939,-0.1,0.611
2940,0.75,0.6204999999999999
2941,0.75,0.6204999999999999
2942,0.0,0.6214999999999999
2943,0.75,0.6214999999999999
2944,0.65,0.6204999999999999
2945,0.75,0.6204999999999999
2946,0.75,0.6204999999999999
2947,0.75,0.6204999999999999
2948,-0.05,0.6214999999999999
2949,0.75,0.6214999999999999
2950,0.65,0.6204999999999999
2951,0.75,0.6204999999999999
2952,0.75,0.6204999999999999
2953,0.75,0.6204999999999999
2954,0.75,0.6204999999999999
2955,0.75,0.6204999999999999
2956,0.55,0.6185
2957,0.75,0.626
2958,0.75,0.6335000000000001
2959,0.65,0.6325
2960,0.75,0.6325
2961,0.75,0.6325
2962,0.75,0.6325
2963,0.75,0.6325
2964,0.65,0.6315
2965,0.75,0.6315
2966,0.75,0.6315
2967,0.75,0.6315
2968,0.75,0.6315
2969,0.75,0.6315
2970,0.75,0.6315
2971,0.75,0.6315
2972,0.75,0.6315
2973,0.75,0.6315
2974,0.75,0.6325
2975,0.75,0.6325
2976,0.75,0.6325
2977,0.75,0.6325
2978,0.75,0.6325
2979,0.75,0.6325
2980,0.55,0.6305
2981,0.75,0.64
2982,0.75,0.64
2983,-0.1,0.6315000000000001
2984,0.75,0.6409999999999999
2985,0.75,0.6409999999999999
2986,-0.2,0.6315
2987,0.75,0.6315
2988,0.75,0.6315
2989,0.75,0.64
2990,0.75,0.64
2991,0.75,0.64
2992,0.75,0.64
2993,0.75,0.64
2994,0.75,0.64
2995,-0.2,0.6305
2996,0.75,0.6305
2997,0.75,0.6305
2998,0.75,0.6315
2999,0.75,0.6315
3000,0.75,0.6315
3001,0.75,0.6315
3002,0.75,0.6315
3003,-0.1499999999999999,0.6225
3004,0.75,0.6225
3005,0.75,0.6225
3006,0.75,0.6225
3007,0.75,0.6225
3008,0.75,0.6225
3009,-0.3,0.612
3010,0.75,0.62
3011,0.75,0.621
3012,0.75,0.621
3013,-0.2,0.6194999999999999
3014,0.75,0.629
3015,0.75,0.629
3016,0.75,0.645
3017,0.75,0.645
3018,0.75,0.645
3019,0.75,0.645
3020,0.75,0.645
3021,-0.05,0.637
3022,0.75,0.637
3023,0.75,0.637
3024,-0.1,0.6285000000000001
3025,0.75,0.6285000000000001
3026,0.75,0.6365
3027,0.75,0.6365
3028,0.75,0.645
3029,0.75,0.645
3030,-0.2,0.6355
3031,0.75,0.6355
3032,0.0,0.628
3033,0.75,0.628
3034,0.75,0.628
3035,0.45000000000000007,0.625
3036,-0.15000000000000002,0.616
3037,0.75,0.616
3038,0.75,0.616
3039,0.75,0.6245
3040,0.75,0.6245
3041,0.75,0.6245
3042,0.65,0.631
3043,0.75,0.631
3044,0.75,0.632
3045,0.6499999999999999,0.631
3046,0.75,0.631
3047,-0.35,0.62
3048,-0.05,0.62
3049,0.75,0.62
3050,0.75,0.621
3051,0.75,0.621
3052,-0.15000000000000002,0.612
3053,0.75,0.612
3054,0.75,0.612
3055,0.75,0.612
3056,0.75,0.614
3057,0.75,0.614
3058,0.75,0.614
3059,0.75,0.615
3060,0.75,0.615
3061,0.75,0.615
3062,0.75,0.615
3063,0.75,0.615
3064,0.75,0.616
3065,0.75,0.616
3066,0.75,0.616
3067,-0.2,0.6065
3068,0.75,0.6065
3069,0.75,0.6065
3070,0.75,0.6065
3071,0.55,0.6045
3072,0.75,0.6045
3073,-0.1,0.596
3074,0.75,0.596
3075,0.75,0.596
3076,-0.1,0.5875
3077,0.75,0.5875
3078,0.75,0.5875
3079,0.75,0.5875
3080,0.65,0.5885
3081,0.75,0.5885
3082,0.65,0.5875
3083,0.75,0.596
3084,0.65,0.595
3085,0.75,0.595
3086,0.75,0.6045
3087,0.75,0.6045
3088,0.75,0.6045
3089,0.75,0.6045
3090,0.75,0.6045
3091,0.75,0.6045
3092,0.75,0.6045
3093,0.75,0.6045
3094,0.75,0.6045
3095,0.75,0.6140000000000001
3096,0.75,0.6140000000000001
3097,-0.05,0.606
3098,0.75,0.606
3099,-0.2,0.5965
3100,0.75,0.5965
3101,0.75,0.5965
3102,0.75,0.5965
3103,0.75,0.6055
3104,0.75,0.6055
3105,0.75,0.6055
3106,0.65,0.6045
3107,0.75,0.6045
3108,0.75,0.6045
3109,0.75,0.615
3110,0.75,0.615
3111,0.75,0.615
3112,0.75,0.615
3113,0.75,0.6245
3114,0.75,0.6245
3115,0.75,0.6245
3116,0.65,0.6235
3117,0.75,0.6235
3118,0.75,0.6235
3119,0.75,0.6235
3120,0.75,0.6235
3121,0.75,0.6315
3122,0.75,0.6315
3123,0.0,0.624
3124,0.75,0.6325
3125,0.75,0.6325
3126,0.75,0.6325
3127,0.75,0.6325
3128,0.65,0.6315
3129,0.75,0.6315
3130,0.75,0.6410000000000001
3131,0.75,0.6410000000000001
3132,-0.2,0.639
3133,0.0,0.6315000000000001
3134,0.75,0.6315000000000001
3135,0.75,0.6345000000000001
3136,0.75,0.6435
3137,0.75,0.6435
3138,0.75,0.6435
3139,0.75,0.6435
3140,0.75,0.6435
3141,0.75,0.6435
3142,0.75,0.6445000000000001
3143,0.75,0.6445000000000001
3144,0.75,0.6445000000000001
3145,0.75,0.6455
3146,-0.1,0.637
3147,0.75,0.648
3148,0.75,0.6559999999999999
3149,0.75,0.6559999999999999
3150,0.65,0.655
3151,0.75,0.655
3152,0.75,0.664
3153,-0.15000000000000002,0.655
3154,0.75,0.655
3155,0.75,0.655
3156,0.75,0.655
3157,0.75,0.655
3158,0.75,0.655
3159,0.75,0.655
3160,-0.15000000000000002,0.6459999999999999
3161,0.75,0.6459999999999999
3162,0.75,0.6459999999999999
3163,0.75,0.6459999999999999
3164,0.75,0.6459999999999999
3165,0.75,0.6459999999999999
3166,0.75,0.6459999999999999
3167,0.75,0.6555
3168,0.75,0.6555
3169,0.75,0.6555
3170,0.75,0.6555
3171,0.75,0.6575
3172,0.75,0.6575
3173,0.75,0.6659999999999999
3174,0.75,0.6659999999999999
3175,0.75,0.6659999999999999
3176,0.75,0.6744999999999999
3177,0.75,0.6744999999999999
3178,0.75,0.6744999999999999
3179,0.75,0.6744999999999999
3180,0.75,0.6755
3181,0.75,0.6755
3182,0.75,0.6764999999999999
3183,0.75,0.6764999999999999
3184,-0.15000000000000002,0.6685000000000001
3185,0.75,0.6685000000000001
3186,0.55,0.6665000000000001
3187,0.65,0.6655000000000001
3188,0.75,0.6655000000000001
3189,0.75,0.6655000000000001
3190,0.75,0.6655000000000001
3191,0.75,0.6655000000000001
3192,0.75,0.6655000000000001
3193,0.75,0.6655000000000001
3194,0.65,0.6645
3195,0.75,0.6645
3196,0.75,0.6645
3197,0.75,0.6725
3198,-0.05,0.6645
3199,-0.2,0.6645
3200,0.75,0.6645
3201,0.75,0.6645
3202,0.75,0.6645
3203,0.75,0.6645
3204,0.75,0.6645
3205,0.75,0.6645
3206,0.55,0.6635
3207,0.75,0.6635
3208,0.75,0.6635
3209,0.75,0.6635
3210,0.75,0.6635
3211,0.75,0.6635
3212,0.75,0.6635
3213,0.65,0.6625
3214,0.75,0.6625
3215,0.75,0.6625
3216,0.75,0.6635
3217,-0.05,0.6555
3218,-0.15000000000000002,0.6465
3219,0.75,0.6465000000000001
3220,-0.05,0.6385000000000001
3221,0.75,0.6385000000000001
3222,0.75,0.6385000000000001
3223,0.65,0.645
3224,0.75,0.645
3225,-0.2,0.6355
3226,0.75,0.6355
3227,0.75,0.6355
3228,0.75,0.6365
3229,0.0,0.629
3230,0.65,0.628
3231,-0.15000000000000002,0.619
3232,0.65,0.6275
3233,0.75,0.635
3234,0.75,0.635
3235,0.75,0.635
3236,0.75,0.635
3237,0.75,0.635
3238,0.75,0.635
3239,0.75,0.635
3240,0.75,0.635
3241,0.75,0.635
3242,0.75,0.635
3243,0.75,0.635
3244,0.75,0.635
3245,-2.950000000000001,0.598
3246,0.75,0.6065
3247,0.75,0.6065
3248,0.75,0.6065
3249,0.6499999999999999,0.6054999999999999
3250,-0.1,0.598
3251,0.75,0.598
3252,0.75,0.598
3253,0.75,0.607
3254,0.75,0.607
3255,0.75,0.607
3256,0.65,0.606
3257,0.75,0.606
3258,0.75,0.606
3259,0.75,0.606
3260,0.0,0.6074999999999999
3261,-0.1,0.599
3262,0.75,0.599
3263,-0.1,0.5905
3264,0.75,0.5905
3265,0.75,0.5905
3266,0.75,0.5905
3267,0.75,0.5905
3268,-0.1499999999999999,0.5815
3269,0.75,0.5815
3270,0.75,0.5815
3271,0.75,0.5815
3272,0.75,0.5815
3273,-0.2,0.572
3274,0.75,0.572
3275,0.75,0.572
3276,0.75,0.572
3277,0.75,0.572
3278,0.75,0.572
3279,0.75,0.572
3280,0.75,0.572
3281,0.75,0.572
3282,0.75,0.572
3283,0.75,0.572
3284,0.6499999999999999,0.58
3285,0.75,0.58
3286,0.45000000000000007,0.579
3287,0.75,0.58
3288,-0.05,0.572
3289,0.75,0.572
3290,0.75,0.572
3291,0.75,0.572
3292,0.75,0.572
3293,0.75,0.572
3294,0.65,0.5720000000000001
3295,0.75,0.5720000000000001
3296,0.75,0.5720000000000001
3297,0.65,0.5710000000000001
3298,0.75,0.579
3299,-0.1,0.58
3300,-0.05,0.5720000000000001
3301,0.75,0.5720000000000001
3302,0.75,0.5720000000000001
3303,0.75,0.5720000000000001
3304,-2.350000000000001,0.541
3305,0.75,0.541
3306,0.75,0.5429999999999999
3307,0.75,0.5429999999999999
3308,0.75,0.5429999999999999
3309,0.75,0.5429999999999999
3310,0.75,0.5429999999999999
3311,0.75,0.5429999999999999
3312,0.75,0.5429999999999999
3313,0.75,0.544
3314,0.75,0.544
3315,-0.1,0.5355
3316,0.75,0.5355
3317,-0.05,0.5355000000000001
3318,0.65,0.5435
3319,0.75,0.5435
3320,0.75,0.5515
3321,0.75,0.5515
3322,0.75,0.5515
3323,0.75,0.5525
3324,0.75,0.5525
3325,0.75,0.562
3326,0.75,0.562
3327,0.75,0.562
3328,0.75,0.562
3329,-0.15000000000000002,0.5605
3330,0.75,0.5615
3331,0.75,0.5705
3332,0.65,0.5705
3333,0.65,0.5695
3334,0.75,0.5695
3335,0.75,0.5695
3336,0.65,0.5684999999999999
3337,0.75,0.5684999999999999
3338,0.75,0.5684999999999999
3339,0.75,0.5684999999999999
3340,0.75,0.5684999999999999
3341,-0.15000000000000002,0.5595
3342,-0.2,0.5499999999999999
3343,0.75,0.5499999999999999
3344,0.75,0.5499999999999999
3345,0.75,0.587
3346,0.75,0.587
3347,0.75,0.587
3348,0.75,0.587
3349,0.75,0.588
3350,0.65,0.5955
3351,0.75,0.5955
3352,0.75,0.5955
3353,0.75,0.5955
3354,-0.2,0.586
3355,0.75,0.586
3356,0.75,0.5870000000000001
3357,0.75,0.5870000000000001
3358,0.75,0.5870000000000001
3359,0.75,0.5870000000000001
3360,0.55,0.5925
3361,0.75,0.601
3362,0.75,0.601
3363,0.75,0.6094999999999999
3364,0.75,0.6094999999999999
3365,0.1499999999999999,0.6035
3366,0.75,0.6035
3367,0.75,0.6035
3368,0.75,0.6125
3369,0.75,0.6125
3370,-0.2,0.603
3371,-0.15000000000000002,0.594
3372,0.75,0.594
3373,0.75,0.6035
3374,0.75,0.6035
3375,-0.3,0.593
3376,0.75,0.593
3377,0.75,0.593
3378,0.65,0.5920000000000001
3379,0.6499999999999999,0.591
3380,0.75,0.591
3381,0.75,0.591
3382,0.75,0.591
3383,0.75,0.591
3384,0.75,0.5920000000000001
3385,0.75,0.5920000000000001
3386,0.75,0.595
3387,0.6499999999999999,0.594
3388,0.75,0.602
3389,0.75,0.602
3390,0.75,0.602
3391,0.75,0.602
3392,0.75,0.602
3393,-1.5000000000000002,0.5795
3394,0.75,0.5805
3395,0.75,0.5805
3396,-0.05,0.5724999999999999
3397,0.0,0.566
3398,0.75,0.566
3399,0.75,0.5745
3400,0.75,0.5824999999999999
3401,0.75,0.5824999999999999
3402,0.75,0.5824999999999999
3403,-0.1,0.574
3404,0.75,0.605
3405,0.75,0.605
3406,0.75,0.605
3407,0.75,0.605
3408,0.75,0.605
3409,0.75,0.605
3410,0.75,0.605
3411,0.75,0.605
3412,0.75,0.605
3413,0.75,0.605
3414,0.75,0.605
3415,0.65,0.6125
3416,0.75,0.6125
3417,0.75,0.6204999999999999
3418,0.75,0.6214999999999999
3419,0.75,0.6214999999999999
3420,0.75,0.6214999999999999
3421,0.75,0.6214999999999999
3422,0.75,0.6214999999999999
3423,0.75,0.6214999999999999
3424,0.75,0.6214999999999999
3425,0.75,0.6214999999999999
3426,-0.1,0.613
3427,0.75,0.613
3428,0.75,0.613
3429,0.65,0.621
3430,0.75,0.621
3431,0.75,0.621
3432,0.75,0.622
3433,0.75,0.623
3434,0.75,0.623
3435,0.75,0.623
3436,0.65,0.623
3437,-0.2,0.6135
3438,0.75,0.6135
3439,0.65,0.6125
3440,0.75,0.6125
3441,0.75,0.6214999999999999
3442,0.75,0.631
3443,0.75,0.631
3444,0.75,0.631
3445,0.75,0.631
3446,0.75,0.631
3447,0.6499999999999999,0.63
3448,0.75,0.63
3449,0.75,0.63
3450,0.75,0.6309999999999999
3451,0.75,0.6309999999999999
3452,0.75,0.6309999999999999
3453,0.75,0.6309999999999999
3454,0.75,0.6405
3455,0.75,0.6405
3456,0.65,0.6395
3457,0.75,0.6395
3458,-0.15000000000000002,0.6305
3459,0.75,0.6305
3460,0.65,0.6315
3461,0.75,0.6315
3462,0.75,0.6315
3463,0.75,0.6315
3464,0.75,0.6315
3465,0.75,0.6375
3466,-0.15000000000000002,0.6285
3467,0.75,0.6285
3468,0.75,0.6285
3469,0.75,0.6285
3470,0.75,0.638
3471,0.75,0.647
3472,0.75,0.647
3473,0.65,0.6459999999999999
3474,0.65,0.645
3475,0.75,0.6555
3476,0.75,0.6555
3477,0.75,0.6555
3478,0.75,0.6565000000000001
3479,0.75,0.6575
3480,0.75,0.6575
3481,0.0,0.65
3482,0.75,0.65
3483,0.75,0.65
3484,0.75,0.65
3485,0.75,0.65
3486,0.75,0.65
3487,0.75,0.6510000000000001
3488,0.75,0.6510000000000001
3489,0.0,0.6435000000000001
3490,0.75,0.6435
3491,0.75,0.6435
3492,0.75,0.6435
3493,-0.1,0.6575
3494,0.75,0.6575
3495,0.75,0.6575
3496,0.75,0.6655
3497,0.75,0.6729999999999999
3498,0.75,0.6729999999999999
3499,0.75,0.6729999999999999
3500,0.75,0.6729999999999999
3501,-0.2,0.6635
3502,0.75,0.6635
3503,0.75,0.672
3504,0.65,0.671
3505,0.75,0.671
3506,0.75,0.671
3507,0.75,0.671
3508,0.75,0.671
3509,0.75,0.671
3510,0.65,0.67
3511,0.75,0.67
3512,0.75,0.67
3513,0.75,0.67
3514,0.65,0.669
3515,0.75,0.67
3516,0.75,0.67
3517,0.0,0.6625
3518,0.75,0.6625
3519,0.75,0.6625
3520,0.75,0.6625
3521,0.65,0.6615000000000001
3522,0.75,0.6615000000000001
3523,0.75,0.6615000000000001
3524,0.75,0.6615000000000001
3525,0.75,0.6615000000000001
3526,0.75,0.67
3527,0.75,0.67
3528,0.75,0.67
3529,0.75,0.671
3530,0.75,0.671
3531,0.75,0.671
3532,0.75,0.671
3533,-0.1,0.6625
3534,0.75,0.6625
3535,0.75,0.6625
3536,0.75,0.6635
3537,0.75,0.6729999999999999
3538,0.75,0.6729999999999999
3539,0.65,0.6729999999999999
3540,0.75,0.6729999999999999
3541,0.75,0.6729999999999999
3542,0.75,0.6729999999999999
3543,-0.2,0.6635
3544,0.75,0.6635
3545,0.75,0.6635
3546,0.75,0.6635
3547,-0.1,0.6560000000000001
3548,0.75,0.6560000000000001
3549,0.75,0.6560000000000001
3550,0.65,0.655
3551,0.65,0.654
3552,-0.3,0.6435000000000001
3553,0.75,0.6435000000000001
3554,0.75,0.6435000000000001
3555,0.65,0.6425
3556,0.75,0.6435000000000001
3557,0.75,0.6435000000000001
3558,0.75,0.6525
3559,0.75,0.6525
3560,0.75,0.6535000000000001
3561,0.75,0.6535000000000001
3562,0.65,0.6525
3563,0.75,0.6525
3564,0.75,0.6525
3565,0.65,0.6515000000000001
3566,-0.1,0.6519999999999999
3567,0.65,0.6509999999999999
3568,0.75,0.6509999999999999
3569,0.75,0.6509999999999999
3570,0.55,0.6489999999999999
3571,0.75,0.6489999999999999
3572,0.75,0.6489999999999999
3573,0.75,0.65
3574,0.75,0.6509999999999999
3575,0.75,0.6509999999999999
3576,0.75,0.6509999999999999
3577,0.75,0.6509999999999999
3578,-0.2,0.6415
3579,0.75,0.6415
3580,0.75,0.6415
3581,0.75,0.6489999999999999
3582,0.75,0.6489999999999999
3583,0.75,0.6489999999999999
3584,0.75,0.6489999999999999
3585,0.75,0.6489999999999999
3586,0.75,0.6489999999999999
3587,0.75,0.6489999999999999
3588,0.75,0.6489999999999999
3589,0.75,0.6564999999999999
3590,0.75,0.6564999999999999
3591,0.75,0.6564999999999999
3592,0.75,0.6564999999999999
3593,0.75,0.665
3594,0.65,0.664
3595,0.75,0.664
3596,0.75,0.664
3597,0.75,0.664
3598,0.75,0.664
3599,0.75,0.664
3600,0.75,0.664
3601,0.75,0.6735
3602,-0.15000000000000002,0.6644999999999999
3603,0.0,0.6569999999999999
3604,0.65,0.657
3605,0.75,0.657
3606,0.25,0.652
3607,0.75,0.652
3608,0.75,0.652
3609,0.75,0.652
3610,0.75,0.653
3611,0.75,0.653
3612,0.75,0.653
3613,0.75,0.653
3614,-0.05,0.6460000000000001
3615,0.75,0.6459999999999999
3616,0.75,0.6459999999999999
3617,0.75,0.6535
3618,0.0,0.6459999999999999
3619,0.75,0.6459999999999999
3620,0.75,0.6459999999999999
3621,0.75,0.647
3622,0.75,0.647
3623,0.75,0.647
3624,0.75,0.647
3625,0.75,0.647
3626,0.75,0.647
3627,0.75,0.647
3628,0.75,0.647
3629,0.75,0.647
3630,0.75,0.647
3631,0.75,0.647
3632,-0.1,0.6385000000000001
3633,-0.2,0.6375
3634,0.75,0.6375
3635,0.75,0.6375
3636,0.75,0.6375
3637,0.75,0.6375
3638,0.75,0.6375
3639,0.65,0.6375
3640,0.75,0.6375
3641,0.75,0.6375
3642,0.75,0.6375
3643,0.75,0.647
3644,0.75,0.647
3645,-0.2,0.6375
3646,0.75,0.6375
3647,0.75,0.6459999999999999
3648,0.75,0.6459999999999999
3649,-0.1,0.6375
3650,0.65,0.6375
3651,0.75,0.6385
3652,0.75,0.6489999999999999
3653,0.75,0.6489999999999999
3654,0.75,0.6489999999999999
3655,0.75,0.65
3656,0.75,0.65
3657,0.75,0.65
3658,0.75,0.65
3659,0.75,0.65
3660,0.75,0.65
3661,0.75,0.65
3662,0.75,0.6509999999999999
3663,0.75,0.6509999999999999
3664,0.75,0.6509999999999999
3665,0.75,0.652
3666,0.75,0.6605
3667,0.75,0.6614999999999999
3668,0.75,0.6614999999999999
3669,0.75,0.6614999999999999
3670,0.75,0.6635
3671,0.75,0.6635
3672,0.65,0.6625
3673,0.75,0.6625
3674,0.75,0.6625
3675,0.65,0.6614999999999999
3676,0.75,0.6614999999999999
3677,0.75,0.6614999999999999
3678,0.75,0.6709999999999999
3679,0.65,0.67
3680,0.75,0.67
3681,0.75,0.67
3682,0.75,0.67
3683,0.75,0.67
3684,0.75,0.67
3685,0.75,0.67
3686,0.75,0.67
3687,0.75,0.67
3688,0.75,0.67
3689,0.75,0.67
3690,0.75,0.67
3691,0.75,0.67
3692,0.75,0.67
3693,0.75,0.67
3694,0.75,0.6709999999999999
3695,0.75,0.6709999999999999
3696,0.75,0.6709999999999999
3697,0.75,0.6709999999999999
3698,0.75,0.6709999999999999
3699,0.75,0.6709999999999999
3700,0.75,0.6709999999999999
3701,0.75,0.6709999999999999
3702,0.75,0.68
3703,0.75,0.6875
3704,0.75,0.6884999999999999
3705,0.75,0.6884999999999999
3706,-0.1,0.685
3707,0.75,0.685
3708,0.75,0.685
3709,0.75,0.685
3710,0.65,0.6839999999999999
3711,0.75,0.6839999999999999
3712,-0.15000000000000002,0.675
3713,0.75,0.675
3714,0.75,0.6830000000000002
3715,0.75,0.6830000000000002
3716,0.75,0.6830000000000002
3717,0.75,0.6830000000000002
3718,0.75,0.6905000000000001
3719,0.75,0.6905000000000001
3720,0.65,0.6895
3721,0.75,0.6895
3722,0.75,0.6895
3723,-0.05,0.6815000000000001
3724,0.75,0.6815000000000001
3725,0.75,0.6815000000000001
3726,0.75,0.6815000000000001
3727,0.75,0.6815000000000001
3728,0.75,0.6815000000000001
3729,0.55,0.6795
3730,0.75,0.6795
3731,0.75,0.6795
3732,-0.1,0.6795
3733,0.75,0.6890000000000001
3734,0.75,0.6890000000000001
3735,0.75,0.6890000000000001
3736,0.75,0.6890000000000001
3737,0.75,0.6890000000000001
3738,0.75,0.6890000000000001
3739,-0.1,0.6814999999999999
3740,0.75,0.6814999999999999
3741,0.75,0.6814999999999999
3742,0.75,0.6814999999999999
3743,0.75,0.6814999999999999
3744,-0.1,0.6729999999999999
3745,0.75,0.6825
3746,-0.1,0.674
3747,0.75,0.674
3748,0.75,0.674
3749,0.75,0.6825
3750,0.75,0.6835000000000001
3751,0.75,0.6835000000000001
3752,0.65,0.6825
3753,0.75,0.6825
3754,0.75,0.6825
3755,0.75,0.6825
3756,0.75,0.6825
3757,0.75,0.6825
3758,0.75,0.6825
3759,0.75,0.6825
3760,0.75,0.6825
3761,0.75,0.6825
3762,0.75,0.6825
3763,0.75,0.6825
3764,0.75,0.6825
3765,0.75,0.6825
3766,0.75,0.6825
3767,0.75,0.6825
3768,0.75,0.6825
3769,0.75,0.6825
3770,0.75,0.6825
3771,0.75,0.6825
3772,0.75,0.6835
3773,0.75,0.6835
3774,0.75,0.6835
3775,0.75,0.6845
3776,0.75,0.6845
3777,-0.1,0.676
3778,0.75,0.676
3779,0.75,0.677
3780,0.75,0.677
3781,-3.0500000000000016,0.639
3782,0.75,0.639
3783,0.75,0.639
3784,0.75,0.639
3785,-0.2,0.6295
3786,0.75,0.6295
3787,0.75,0.6295
3788,0.6499999999999999,0.6285000000000001
3789,0.75,0.6285000000000001
3790,0.75,0.6285000000000001
3791,0.75,0.6285000000000001
3792,0.75,0.6285000000000001
3793,0.75,0.6285000000000001
3794,0.75,0.6285000000000001
3795,0.75,0.6285000000000001
3796,0.75,0.6285000000000001
3797,0.75,0.6285000000000001
3798,0.0,0.621
3799,0.75,0.621
3800,0.75,0.621
3801,0.75,0.621
3802,0.75,0.621
3803,0.75,0.621
3804,0.75,0.621
3805,0.75,0.621
3806,0.75,0.6295000000000001
3807,0.75,0.6295000000000001
3808,0.75,0.6295000000000001
3809,0.75,0.6295000000000001
3810,0.75,0.6305000000000001
3811,0.75,0.6305000000000001
3812,0.75,0.6395000000000001
3813,0.65,0.6385000000000001
3814,0.75,0.6385000000000001
3815,0.75,0.6385000000000001
3816,0.75,0.6385000000000001
3817,0.75,0.6385000000000001
3818,-0.04999999999999982,0.6305
3819,0.75,0.6305
3820,0.75,0.6315
3821,0.75,0.6315
3822,0.75,0.6315
3823,-0.2,0.63
3824,0.75,0.63
3825,0.75,0.63
3826,0.75,0.63
3827,0.75,0.63
3828,0.75,0.63
3829,0.75,0.632
3830,0.75,0.632
3831,-0.1,0.6235
3832,0.75,0.632
3833,-0.05,0.624
3834,0.75,0.624
3835,-0.9499999999999998,0.607
3836,0.75,0.607
3837,0.75,0.607
3838,0.65,0.606
3839,0.75,0.6144999999999999
3840,0.75,0.6144999999999999
3841,-0.2,0.605
3842,0.75,0.605
3843,0.75,0.605
3844,0.75,0.6135
3845,0.75,0.6135
3846,0.75,0.622
3847,0.75,0.622
3848,0.75,0.622
3849,0.75,0.622
3850,0.75,0.622
3851,0.75,0.622
3852,0.75,0.623
3853,0.75,0.623
3854,0.75,0.623
3855,0.75,0.623
3856,0.75,0.623
3857,-0.1,0.6145
3858,-0.1,0.606
3859,0.75,0.606
3860,0.75,0.606
3861,0.75,0.606
3862,0.75,0.606
3863,0.75,0.606
3864,0.75,0.606
3865,-0.05,0.5980000000000001
3866,0.75,0.5980000000000001
3867,0.75,0.5980000000000001
3868,0.75,0.5980000000000001
3869,0.75,0.5980000000000001
3870,0.75,0.5980000000000001
3871,0.75,0.5980000000000001
3872,0.75,0.5980000000000001
3873,0.75,0.5980000000000001
3874,0.75,0.5980000000000001
3875,0.75,0.5980000000000001
3876,0.75,0.5980000000000001
3877,0.75,0.6065
3878,0.75,0.6065
3879,0.75,0.6065
3880,0.75,0.6065
3881,0.75,0.6445000000000001
3882,0.75,0.6445000000000001
3883,0.75,0.6445000000000001
3884,0.75,0.6445000000000001
3885,0.75,0.654
3886,0.75,0.654
3887,0.75,0.654
3888,0.75,0.655
3889,0.75,0.655
3890,0.75,0.655
3891,0.75,0.655
3892,0.75,0.655
3893,0.75,0.655
3894,0.75,0.655
3895,0.75,0.655
3896,0.6499999999999999,0.6539999999999999
3897,0.75,0.6539999999999999
3898,-0.1,0.653
3899,0.75,0.653
3900,0.75,0.653
3901,0.75,0.653
3902,0.75,0.653
3903,0.75,0.653
3904,0.75,0.653
3905,0.75,0.653
3906,0.75,0.653
3907,-0.2,0.6435
3908,0.75,0.6435
3909,0.75,0.6435
3910,0.75,0.6435
3911,0.75,0.6435
3912,0.75,0.6435
3913,0.75,0.6445000000000001
3914,0.75,0.6445000000000001
3915,0.65,0.6435
3916,0.75,0.6435
3917,0.75,0.6435
3918,0.75,0.6515
3919,0.65,0.6505
3920,0.65,0.6494999999999999
3921,0.75,0.6494999999999999
3922,0.75,0.6494999999999999
3923,0.65,0.6579999999999999
3924,0.65,0.657
3925,0.65,0.6559999999999999
3926,0.75,0.6559999999999999
3927,0.75,0.6559999999999999
3928,0.75,0.6559999999999999
3929,0.0,0.6485
3930,0.75,0.6485
3931,0.75,0.657
3932,0.75,0.657
3933,0.75,0.665
3934,0.75,0.665
3935,0.75,0.682
3936,0.75,0.682
3937,0.75,0.682
3938,0.75,0.6829999999999999
3939,0.75,0.6829999999999999
3940,0.75,0.6829999999999999
3941,0.75,0.6925
3942,0.65,0.6915
3943,0.75,0.6915
3944,0.75,0.6915
3945,0.75,0.6915
3946,0.75,0.6915
3947,0.75,0.6915
3948,0.75,0.6915
3949,0.75,0.6915
3950,0.75,0.6915
3951,0.75,0.6915
3952,0.75,0.6915
3953,0.75,0.6915
3954,-0.15000000000000002,0.6825
3955,0.75,0.6825
3956,0.75,0.6825
3957,0.75,0.691
3958,0.75,0.6995
3959,0.75,0.6995
3960,0.75,0.6995
3961,0.75,0.6995
3962,0.75,0.6995
3963,0.75,0.6995
3964,0.75,0.6995
3965,0.75,0.7075
3966,0.75,0.7075
3967,0.75,0.7075
3968,-0.05,0.6995
3969,0.75,0.6995
3970,0.75,0.6995
3971,0.75,0.6995
3972,0.75,0.6995
3973,0.75,0.6995
3974,0.75,0.6995
3975,0.65,0.6985000000000001
3976,0.75,0.6985000000000001
3977,-3.0000000000000013,0.661
3978,0.75,0.661
3979,0.75,0.661
3980,-0.35,0.65
3981,0.75,0.65
3982,-0.05,0.642
3983,0.75,0.6419999999999999
3984,-0.15000000000000002,0.633
3985,0.75,0.633
3986,0.75,0.633
3987,0.75,0.633
3988,0.75,0.633
3989,0.75,0.633
3990,0.75,0.633
3991,-0.05,0.6249999999999999
3992,0.75,0.6249999999999999
3993,0.75,0.6249999999999999
3994,0.75,0.6249999999999999
3995,-0.3,0.6144999999999999
3996,0.75,0.6154999999999999
3997,0.75,0.6154999999999999
3998,0.75,0.624
3999,0.75,0.624
